<Ui xmlns="http://www.blizzard.com/wow/ui" xmlns:xsi="http://www.w3.org/2001/XMLSchema-instance">
    <!--Autogenerated by wowuides, Version=1.0.300.0, Culture=neutral, PublicKeyToken=null-->
    <Frame name="ProfessionsForm" hidden="true" parent="UIParent" movable="true" resizable="true" enableMouse="true">
        <!--<FrameSkin skinid="dcb143e1-a4ab-4e7c-b934-1efa40101d21" frameid="2d508883-59c2-4f83-ae10-27aaad48391b" />-->
        <Size>
            <AbsDimension x="189" y="556" />
        </Size>
        <Anchors>
            <Anchor point="RIGHT" relativeTo="UIParent">
                <Offset>
                    <AbsDimension x="0" y="0" />
                </Offset>
            </Anchor>
        </Anchors>
        <Backdrop bgFile="Interface\DialogFrame\UI-DialogBox-Background" edgeFile="Interface\DialogFrame\UI-DialogBox-Border" tile="true">
            <BackgroundInsets>
                <AbsInset left="11" right="12" top="12" bottom="11" />
            </BackgroundInsets>
            <TileSize>
                <AbsValue val="32" />
            </TileSize>
            <EdgeSize>
                <AbsValue val="32" />
            </EdgeSize>
        </Backdrop>
        <Layers>
            <Layer>
                <Texture name="$parentTitleBorder" file="Interface\DialogFrame\UI-DialogBox-Header">
                    <Size>
                        <AbsDimension x="160" y="32" />
                    </Size>
                    <Anchors>
                        <Anchor point="TOP">
                            <Offset>
                                <AbsDimension x="0" y="5" />
                            </Offset>
                        </Anchor>
                    </Anchors>
                    <TexCoords left="0.2" right="0.8" top="0" bottom="0.6" />
                </Texture>
                <FontString name="$parentTitleString" font="Fonts\FRIZQT__.TTF" text="Professions">
                    <Size>
                        <AbsDimension x="140" y="0" />
                    </Size>
                    <Anchors>
                        <Anchor point="TOP">
                            <Offset>
                                <AbsDimension x="0" y="-4" />
                            </Offset>
                        </Anchor>
                    </Anchors>
                    <FontHeight>
                        <AbsValue val="12" />
                    </FontHeight>
                    <Color r="1" g="0.8196079" b="0" />
                    <Shadow>
                        <Color r="0" g="0" b="0" />
                        <Offset>
                            <AbsDimension x="1" y="-1" />
                        </Offset>
                    </Shadow>
                </FontString>
            </Layer>
        </Layers>
        <Frames>
            <Button name="Leatherworking" text="Leatherworking">
                <!--<FrameSkin skinid="dcb143e1-a4ab-4e7c-b934-1efa40101d21" frameid="2d508884-59c2-4f83-ae10-27aaad48391b" />-->
                <Size>
                    <AbsDimension x="143" y="25" />
                </Size>
                <Anchors>
                    <Anchor point="TOPLEFT">
                        <Offset>
                            <AbsDimension x="23" y="-268" />
                        </Offset>
                    </Anchor>
                </Anchors>
                <Scripts>
                    <OnClick>if SkillLevel:GetNumLetters() &lt; 1 then
UIErrorsFrame:AddMessage("Please complete the required fields!", 1.0, 0.0, 0.0, 53, 2);
else
LearnLeatherworking()
; SkillLevel:ClearFocus();
end</OnClick>
                </Scripts>
                <NormalTexture file="Interface\Buttons\UI-Panel-Button-Up">
                    <TexCoords left="0" right="0.625" top="0" bottom="0.6875" />
                </NormalTexture>
                <PushedTexture file="Interface\Buttons\UI-Panel-Button-Down">
                    <TexCoords left="0" right="0.625" top="0" bottom="0.6875" />
                </PushedTexture>
                <DisabledTexture file="Interface\Buttons\UI-Panel-Button-Disabled">
                    <TexCoords left="0" right="0.625" top="0" bottom="0.6875" />
                </DisabledTexture>
                <HighlightTexture file="Interface\Buttons\UI-Panel-Button-Highlight" alphaMode="ADD">
                    <TexCoords left="0" right="0.625" top="0" bottom="0.6875" />
                </HighlightTexture>
                <ButtonText name="$parentText">
                    <FontHeight>
                        <AbsValue val="10" />
                    </FontHeight>
                </ButtonText>
                <NormalFont inherits="GameFontNormal" font="Fonts\FRIZQT__.TTF">
                    <FontHeight>
                        <AbsValue val="12" />
                    </FontHeight>
                    <Color r="1" g="0.8196079" b="0" />
                    <Shadow>
                        <Color r="0" g="0" b="0" />
                        <Offset>
                            <AbsDimension x="1" y="-1" />
                        </Offset>
                    </Shadow>
                </NormalFont>
                <HighlightFont inherits="GameFontHighlight" font="Fonts\FRIZQT__.TTF">
                    <FontHeight>
                        <AbsValue val="12" />
                    </FontHeight>
                    <Color r="1" g="1" b="1" />
                    <Shadow>
                        <Color r="0" g="0" b="0" />
                        <Offset>
                            <AbsDimension x="1" y="-1" />
                        </Offset>
                    </Shadow>
                </HighlightFont>
                <DisabledFont inherits="GameFontDisable" font="Fonts\FRIZQT__.TTF">
                    <FontHeight>
                        <AbsValue val="12" />
                    </FontHeight>
                    <Color r="0.4980392" g="0.4980392" b="0.4980392" />
                    <Shadow>
                        <Color r="0" g="0" b="0" />
                        <Offset>
                            <AbsDimension x="1" y="-1" />
                        </Offset>
                    </Shadow>
                </DisabledFont>
            </Button>
            <Frame name="SKLvl">
                <!--<FrameSkin skinid="dcb143e1-a4ab-4e7c-b934-1efa40101d21" frameid="2d508885-59c2-4f83-ae10-27aaad48391b" />-->
                <Size>
                    <AbsDimension x="143" y="18" />
                </Size>
                <Anchors>
                    <Anchor point="TOPLEFT">
                        <Offset>
                            <AbsDimension x="23" y="-30" />
                        </Offset>
                    </Anchor>
                </Anchors>
                <Layers>
                    <Layer>
                        <FontString name="$parentLabel" font="Fonts\FRIZQT__.TTF" text="Skill Level">
                            <Anchors>
                                <Anchor point="TOPLEFT" />
                                <Anchor point="BOTTOMRIGHT" />
                            </Anchors>
                            <FontHeight>
                                <AbsValue val="12" />
                            </FontHeight>
                            <Color r="1" g="0.8196079" b="0" />
                            <Shadow>
                                <Color r="0" g="0" b="0" />
                                <Offset>
                                    <AbsDimension x="1" y="-1" />
                                </Offset>
                            </Shadow>
                        </FontString>
                    </Layer>
                </Layers>
            </Frame>
            <EditBox name="SkillLevel" enableMouse="true">
                <!--<FrameSkin skinid="dcb143e1-a4ab-4e7c-b934-1efa40101d21" frameid="2d508887-59c2-4f83-ae10-27aaad48391b" />-->
                <Size>
                    <AbsDimension x="143" y="22" />
                </Size>
                <Anchors>
                    <Anchor point="TOPLEFT">
                        <Offset>
                            <AbsDimension x="23" y="-54" />
                        </Offset>
                    </Anchor>
                </Anchors>
                <Layers>
                    <Layer level="BACKGROUND">
                        <Texture name="$parentLeft" file="Interface\Common\Common-Input-Border">
                            <Size>
                                <AbsDimension x="8" y="20" />
                            </Size>
                            <Anchors>
                                <Anchor point="LEFT" />
                            </Anchors>
                            <TexCoords left="0" right="0.0625" top="0" bottom="0.625" />
                        </Texture>
                        <Texture name="$parentRight" file="Interface\Common\Common-Input-Border">
                            <Size>
                                <AbsDimension x="8" y="20" />
                            </Size>
                            <Anchors>
                                <Anchor point="RIGHT" />
                            </Anchors>
                            <TexCoords left="0.9375" right="1" top="0" bottom="0.625" />
                        </Texture>
                        <Texture name="$parentMiddle" file="Interface\Common\Common-Input-Border">
                            <Size>
                                <AbsDimension x="10" y="20" />
                            </Size>
                            <Anchors>
                                <Anchor point="LEFT" relativeTo="$parentLeft" relativePoint="RIGHT" />
                                <Anchor point="RIGHT" relativeTo="$parentRight" relativePoint="LEFT" />
                            </Anchors>
                            <TexCoords left="0.0625" right="0.9375" top="0" bottom="0.625" />
                        </Texture>
                    </Layer>
                </Layers>
                <Scripts>
                    <OnLoad>this:SetAutoFocus(false);
</OnLoad>
                    <OnEscapePressed>this:ClearFocus();
</OnEscapePressed>
                    <OnTabPressed>this:ClearFocus();
</OnTabPressed>
                </Scripts>
                <FontString font="Fonts\ARIALN.TTF">
                    <FontHeight>
                        <AbsValue val="14" />
                    </FontHeight>
                    <Color r="1" g="1" b="1" />
                    <Shadow>
                        <Color r="0" g="0" b="0" />
                        <Offset>
                            <AbsDimension x="1" y="-1" />
                        </Offset>
                    </Shadow>
                </FontString>
            </EditBox>
            <Button name="Done" text="Done">
                <!--<FrameSkin skinid="dcb143e1-a4ab-4e7c-b934-1efa40101d21" frameid="2d508884-59c2-4f83-ae10-27aaad48391b" />-->
                <Size>
                    <AbsDimension x="90" y="19" />
                </Size>
                <Anchors>
                    <Anchor point="TOPLEFT">
                        <Offset>
                            <AbsDimension x="48" y="-516" />
                        </Offset>
                    </Anchor>
                </Anchors>
                <Scripts>
                    <OnClick>ProfessionsForm:Hide(); OpenMain(); SkillLevel:SetText("");
</OnClick>
                </Scripts>
                <NormalTexture file="Interface\Buttons\UI-Panel-Button-Up">
                    <TexCoords left="0" right="0.625" top="0" bottom="0.6875" />
                </NormalTexture>
                <PushedTexture file="Interface\Buttons\UI-Panel-Button-Down">
                    <TexCoords left="0" right="0.625" top="0" bottom="0.6875" />
                </PushedTexture>
                <DisabledTexture file="Interface\Buttons\UI-Panel-Button-Disabled">
                    <TexCoords left="0" right="0.625" top="0" bottom="0.6875" />
                </DisabledTexture>
                <HighlightTexture file="Interface\Buttons\UI-Panel-Button-Highlight" alphaMode="ADD">
                    <TexCoords left="0" right="0.625" top="0" bottom="0.6875" />
                </HighlightTexture>
                <ButtonText name="$parentText">
                    <FontHeight>
                        <AbsValue val="10" />
                    </FontHeight>
                </ButtonText>
                <NormalFont inherits="GameFontNormal" font="Fonts\FRIZQT__.TTF">
                    <FontHeight>
                        <AbsValue val="12" />
                    </FontHeight>
                    <Color r="1" g="0.8196079" b="0" />
                    <Shadow>
                        <Color r="0" g="0" b="0" />
                        <Offset>
                            <AbsDimension x="1" y="-1" />
                        </Offset>
                    </Shadow>
                </NormalFont>
                <HighlightFont inherits="GameFontHighlight" font="Fonts\FRIZQT__.TTF">
                    <FontHeight>
                        <AbsValue val="12" />
                    </FontHeight>
                    <Color r="1" g="1" b="1" />
                    <Shadow>
                        <Color r="0" g="0" b="0" />
                        <Offset>
                            <AbsDimension x="1" y="-1" />
                        </Offset>
                    </Shadow>
                </HighlightFont>
                <DisabledFont inherits="GameFontDisable" font="Fonts\FRIZQT__.TTF">
                    <FontHeight>
                        <AbsValue val="12" />
                    </FontHeight>
                    <Color r="0.4980392" g="0.4980392" b="0.4980392" />
                    <Shadow>
                        <Color r="0" g="0" b="0" />
                        <Offset>
                            <AbsDimension x="1" y="-1" />
                        </Offset>
                    </Shadow>
                </DisabledFont>
            </Button>
            <Button name="Blacksmithing" text="Blacksmithing">
                <!--<FrameSkin skinid="dcb143e1-a4ab-4e7c-b934-1efa40101d21" frameid="2d508884-59c2-4f83-ae10-27aaad48391b" />-->
                <Size>
                    <AbsDimension x="143" y="25" />
                </Size>
                <Anchors>
                    <Anchor point="TOPLEFT">
                        <Offset>
                            <AbsDimension x="23" y="-113" />
                        </Offset>
                    </Anchor>
                </Anchors>
                <Scripts>
                    <OnClick>if SkillLevel:GetNumLetters() &lt; 1 then
UIErrorsFrame:AddMessage("Please complete the required fields!", 1.0, 0.0, 0.0, 53, 2);
else
LearnBlackSmithing()
; SkillLevel:ClearFocus();
end</OnClick>
                </Scripts>
                <NormalTexture file="Interface\Buttons\UI-Panel-Button-Up">
                    <TexCoords left="0" right="0.625" top="0" bottom="0.6875" />
                </NormalTexture>
                <PushedTexture file="Interface\Buttons\UI-Panel-Button-Down">
                    <TexCoords left="0" right="0.625" top="0" bottom="0.6875" />
                </PushedTexture>
                <DisabledTexture file="Interface\Buttons\UI-Panel-Button-Disabled">
                    <TexCoords left="0" right="0.625" top="0" bottom="0.6875" />
                </DisabledTexture>
                <HighlightTexture file="Interface\Buttons\UI-Panel-Button-Highlight" alphaMode="ADD">
                    <TexCoords left="0" right="0.625" top="0" bottom="0.6875" />
                </HighlightTexture>
                <ButtonText name="$parentText">
                    <FontHeight>
                        <AbsValue val="10" />
                    </FontHeight>
                </ButtonText>
                <NormalFont inherits="GameFontNormal" font="Fonts\FRIZQT__.TTF">
                    <FontHeight>
                        <AbsValue val="12" />
                    </FontHeight>
                    <Color r="1" g="0.8196079" b="0" />
                    <Shadow>
                        <Color r="0" g="0" b="0" />
                        <Offset>
                            <AbsDimension x="1" y="-1" />
                        </Offset>
                    </Shadow>
                </NormalFont>
                <HighlightFont inherits="GameFontHighlight" font="Fonts\FRIZQT__.TTF">
                    <FontHeight>
                        <AbsValue val="12" />
                    </FontHeight>
                    <Color r="1" g="1" b="1" />
                    <Shadow>
                        <Color r="0" g="0" b="0" />
                        <Offset>
                            <AbsDimension x="1" y="-1" />
                        </Offset>
                    </Shadow>
                </HighlightFont>
                <DisabledFont inherits="GameFontDisable" font="Fonts\FRIZQT__.TTF">
                    <FontHeight>
                        <AbsValue val="12" />
                    </FontHeight>
                    <Color r="0.4980392" g="0.4980392" b="0.4980392" />
                    <Shadow>
                        <Color r="0" g="0" b="0" />
                        <Offset>
                            <AbsDimension x="1" y="-1" />
                        </Offset>
                    </Shadow>
                </DisabledFont>
            </Button>
            <Button name="Tailoring" text="Tailoring">
                <!--<FrameSkin skinid="dcb143e1-a4ab-4e7c-b934-1efa40101d21" frameid="2d508884-59c2-4f83-ae10-27aaad48391b" />-->
                <Size>
                    <AbsDimension x="143" y="25" />
                </Size>
                <Anchors>
                    <Anchor point="TOPLEFT">
                        <Offset>
                            <AbsDimension x="23" y="-361" />
                        </Offset>
                    </Anchor>
                </Anchors>
                <Scripts>
                    <OnClick>if SkillLevel:GetNumLetters() &lt; 1 then
UIErrorsFrame:AddMessage("Please complete the required fields!", 1.0, 0.0, 0.0, 53, 2);
else
LearnTailoring()
; SkillLevel:ClearFocus();
end</OnClick>
                </Scripts>
                <NormalTexture file="Interface\Buttons\UI-Panel-Button-Up">
                    <TexCoords left="0" right="0.625" top="0" bottom="0.6875" />
                </NormalTexture>
                <PushedTexture file="Interface\Buttons\UI-Panel-Button-Down">
                    <TexCoords left="0" right="0.625" top="0" bottom="0.6875" />
                </PushedTexture>
                <DisabledTexture file="Interface\Buttons\UI-Panel-Button-Disabled">
                    <TexCoords left="0" right="0.625" top="0" bottom="0.6875" />
                </DisabledTexture>
                <HighlightTexture file="Interface\Buttons\UI-Panel-Button-Highlight" alphaMode="ADD">
                    <TexCoords left="0" right="0.625" top="0" bottom="0.6875" />
                </HighlightTexture>
                <ButtonText name="$parentText">
                    <FontHeight>
                        <AbsValue val="10" />
                    </FontHeight>
                </ButtonText>
                <NormalFont inherits="GameFontNormal" font="Fonts\FRIZQT__.TTF">
                    <FontHeight>
                        <AbsValue val="12" />
                    </FontHeight>
                    <Color r="1" g="0.8196079" b="0" />
                    <Shadow>
                        <Color r="0" g="0" b="0" />
                        <Offset>
                            <AbsDimension x="1" y="-1" />
                        </Offset>
                    </Shadow>
                </NormalFont>
                <HighlightFont inherits="GameFontHighlight" font="Fonts\FRIZQT__.TTF">
                    <FontHeight>
                        <AbsValue val="12" />
                    </FontHeight>
                    <Color r="1" g="1" b="1" />
                    <Shadow>
                        <Color r="0" g="0" b="0" />
                        <Offset>
                            <AbsDimension x="1" y="-1" />
                        </Offset>
                    </Shadow>
                </HighlightFont>
                <DisabledFont inherits="GameFontDisable" font="Fonts\FRIZQT__.TTF">
                    <FontHeight>
                        <AbsValue val="12" />
                    </FontHeight>
                    <Color r="0.4980392" g="0.4980392" b="0.4980392" />
                    <Shadow>
                        <Color r="0" g="0" b="0" />
                        <Offset>
                            <AbsDimension x="1" y="-1" />
                        </Offset>
                    </Shadow>
                </DisabledFont>
            </Button>
            <Button name="Engineering" text="Engineering">
                <!--<FrameSkin skinid="dcb143e1-a4ab-4e7c-b934-1efa40101d21" frameid="2d508884-59c2-4f83-ae10-27aaad48391b" />-->
                <Size>
                    <AbsDimension x="143" y="25" />
                </Size>
                <Anchors>
                    <Anchor point="TOPLEFT">
                        <Offset>
                            <AbsDimension x="23" y="-175" />
                        </Offset>
                    </Anchor>
                </Anchors>
                <Scripts>
                    <OnClick>if SkillLevel:GetNumLetters() &lt; 1 then
UIErrorsFrame:AddMessage("Please complete the required fields!", 1.0, 0.0, 0.0, 53, 2);
else
LearnEngineering()
; SkillLevel:ClearFocus();
end</OnClick>
                </Scripts>
                <NormalTexture file="Interface\Buttons\UI-Panel-Button-Up">
                    <TexCoords left="0" right="0.625" top="0" bottom="0.6875" />
                </NormalTexture>
                <PushedTexture file="Interface\Buttons\UI-Panel-Button-Down">
                    <TexCoords left="0" right="0.625" top="0" bottom="0.6875" />
                </PushedTexture>
                <DisabledTexture file="Interface\Buttons\UI-Panel-Button-Disabled">
                    <TexCoords left="0" right="0.625" top="0" bottom="0.6875" />
                </DisabledTexture>
                <HighlightTexture file="Interface\Buttons\UI-Panel-Button-Highlight" alphaMode="ADD">
                    <TexCoords left="0" right="0.625" top="0" bottom="0.6875" />
                </HighlightTexture>
                <ButtonText name="$parentText">
                    <FontHeight>
                        <AbsValue val="10" />
                    </FontHeight>
                </ButtonText>
                <NormalFont inherits="GameFontNormal" font="Fonts\FRIZQT__.TTF">
                    <FontHeight>
                        <AbsValue val="12" />
                    </FontHeight>
                    <Color r="1" g="0.8196079" b="0" />
                    <Shadow>
                        <Color r="0" g="0" b="0" />
                        <Offset>
                            <AbsDimension x="1" y="-1" />
                        </Offset>
                    </Shadow>
                </NormalFont>
                <HighlightFont inherits="GameFontHighlight" font="Fonts\FRIZQT__.TTF">
                    <FontHeight>
                        <AbsValue val="12" />
                    </FontHeight>
                    <Color r="1" g="1" b="1" />
                    <Shadow>
                        <Color r="0" g="0" b="0" />
                        <Offset>
                            <AbsDimension x="1" y="-1" />
                        </Offset>
                    </Shadow>
                </HighlightFont>
                <DisabledFont inherits="GameFontDisable" font="Fonts\FRIZQT__.TTF">
                    <FontHeight>
                        <AbsValue val="12" />
                    </FontHeight>
                    <Color r="0.4980392" g="0.4980392" b="0.4980392" />
                    <Shadow>
                        <Color r="0" g="0" b="0" />
                        <Offset>
                            <AbsDimension x="1" y="-1" />
                        </Offset>
                    </Shadow>
                </DisabledFont>
            </Button>
            <Button name="Enchanting" text="Enchanting">
                <!--<FrameSkin skinid="dcb143e1-a4ab-4e7c-b934-1efa40101d21" frameid="2d508884-59c2-4f83-ae10-27aaad48391b" />-->
                <Size>
                    <AbsDimension x="143" y="25" />
                </Size>
                <Anchors>
                    <Anchor point="TOPLEFT">
                        <Offset>
                            <AbsDimension x="23" y="-144" />
                        </Offset>
                    </Anchor>
                </Anchors>
                <Scripts>
                    <OnClick>if SkillLevel:GetNumLetters() &lt; 1 then
UIErrorsFrame:AddMessage("Please complete the required fields!", 1.0, 0.0, 0.0, 53, 2);
else
LearnEnchanting()
; SkillLevel:ClearFocus();
end</OnClick>
                </Scripts>
                <NormalTexture file="Interface\Buttons\UI-Panel-Button-Up">
                    <TexCoords left="0" right="0.625" top="0" bottom="0.6875" />
                </NormalTexture>
                <PushedTexture file="Interface\Buttons\UI-Panel-Button-Down">
                    <TexCoords left="0" right="0.625" top="0" bottom="0.6875" />
                </PushedTexture>
                <DisabledTexture file="Interface\Buttons\UI-Panel-Button-Disabled">
                    <TexCoords left="0" right="0.625" top="0" bottom="0.6875" />
                </DisabledTexture>
                <HighlightTexture file="Interface\Buttons\UI-Panel-Button-Highlight" alphaMode="ADD">
                    <TexCoords left="0" right="0.625" top="0" bottom="0.6875" />
                </HighlightTexture>
                <ButtonText name="$parentText">
                    <FontHeight>
                        <AbsValue val="10" />
                    </FontHeight>
                </ButtonText>
                <NormalFont inherits="GameFontNormal" font="Fonts\FRIZQT__.TTF">
                    <FontHeight>
                        <AbsValue val="12" />
                    </FontHeight>
                    <Color r="1" g="0.8196079" b="0" />
                    <Shadow>
                        <Color r="0" g="0" b="0" />
                        <Offset>
                            <AbsDimension x="1" y="-1" />
                        </Offset>
                    </Shadow>
                </NormalFont>
                <HighlightFont inherits="GameFontHighlight" font="Fonts\FRIZQT__.TTF">
                    <FontHeight>
                        <AbsValue val="12" />
                    </FontHeight>
                    <Color r="1" g="1" b="1" />
                    <Shadow>
                        <Color r="0" g="0" b="0" />
                        <Offset>
                            <AbsDimension x="1" y="-1" />
                        </Offset>
                    </Shadow>
                </HighlightFont>
                <DisabledFont inherits="GameFontDisable" font="Fonts\FRIZQT__.TTF">
                    <FontHeight>
                        <AbsValue val="12" />
                    </FontHeight>
                    <Color r="0.4980392" g="0.4980392" b="0.4980392" />
                    <Shadow>
                        <Color r="0" g="0" b="0" />
                        <Offset>
                            <AbsDimension x="1" y="-1" />
                        </Offset>
                    </Shadow>
                </DisabledFont>
            </Button>
            <Button name="Skinning" text="Skinning">
                <!--<FrameSkin skinid="dcb143e1-a4ab-4e7c-b934-1efa40101d21" frameid="2d508884-59c2-4f83-ae10-27aaad48391b" />-->
                <Size>
                    <AbsDimension x="143" y="25" />
                </Size>
                <Anchors>
                    <Anchor point="TOPLEFT">
                        <Offset>
                            <AbsDimension x="23" y="-330" />
                        </Offset>
                    </Anchor>
                </Anchors>
                <Scripts>
                    <OnClick>if SkillLevel:GetNumLetters() &lt; 1 then
UIErrorsFrame:AddMessage("Please complete the required fields!", 1.0, 0.0, 0.0, 53, 2);
else
LearnSkinning()
; SkillLevel:ClearFocus();
end</OnClick>
                </Scripts>
                <NormalTexture file="Interface\Buttons\UI-Panel-Button-Up">
                    <TexCoords left="0" right="0.625" top="0" bottom="0.6875" />
                </NormalTexture>
                <PushedTexture file="Interface\Buttons\UI-Panel-Button-Down">
                    <TexCoords left="0" right="0.625" top="0" bottom="0.6875" />
                </PushedTexture>
                <DisabledTexture file="Interface\Buttons\UI-Panel-Button-Disabled">
                    <TexCoords left="0" right="0.625" top="0" bottom="0.6875" />
                </DisabledTexture>
                <HighlightTexture file="Interface\Buttons\UI-Panel-Button-Highlight" alphaMode="ADD">
                    <TexCoords left="0" right="0.625" top="0" bottom="0.6875" />
                </HighlightTexture>
                <ButtonText name="$parentText">
                    <FontHeight>
                        <AbsValue val="10" />
                    </FontHeight>
                </ButtonText>
                <NormalFont inherits="GameFontNormal" font="Fonts\FRIZQT__.TTF">
                    <FontHeight>
                        <AbsValue val="12" />
                    </FontHeight>
                    <Color r="1" g="0.8196079" b="0" />
                    <Shadow>
                        <Color r="0" g="0" b="0" />
                        <Offset>
                            <AbsDimension x="1" y="-1" />
                        </Offset>
                    </Shadow>
                </NormalFont>
                <HighlightFont inherits="GameFontHighlight" font="Fonts\FRIZQT__.TTF">
                    <FontHeight>
                        <AbsValue val="12" />
                    </FontHeight>
                    <Color r="1" g="1" b="1" />
                    <Shadow>
                        <Color r="0" g="0" b="0" />
                        <Offset>
                            <AbsDimension x="1" y="-1" />
                        </Offset>
                    </Shadow>
                </HighlightFont>
                <DisabledFont inherits="GameFontDisable" font="Fonts\FRIZQT__.TTF">
                    <FontHeight>
                        <AbsValue val="12" />
                    </FontHeight>
                    <Color r="0.4980392" g="0.4980392" b="0.4980392" />
                    <Shadow>
                        <Color r="0" g="0" b="0" />
                        <Offset>
                            <AbsDimension x="1" y="-1" />
                        </Offset>
                    </Shadow>
                </DisabledFont>
            </Button>
            <Button name="Alchemy" text="Alchemy">
                <!--<FrameSkin skinid="dcb143e1-a4ab-4e7c-b934-1efa40101d21" frameid="2d508884-59c2-4f83-ae10-27aaad48391b" />-->
                <Size>
                    <AbsDimension x="143" y="25" />
                </Size>
                <Anchors>
                    <Anchor point="TOPLEFT">
                        <Offset>
                            <AbsDimension x="23" y="-82" />
                        </Offset>
                    </Anchor>
                </Anchors>
                <Scripts>
                    <OnClick>if SkillLevel:GetNumLetters() &lt; 1 then
UIErrorsFrame:AddMessage("Please complete the required fields!", 1.0, 0.0, 0.0, 53, 2);
else
LearnAlchemy()
; SkillLevel:ClearFocus();
end</OnClick>
                </Scripts>
                <NormalTexture file="Interface\Buttons\UI-Panel-Button-Up">
                    <TexCoords left="0" right="0.625" top="0" bottom="0.6875" />
                </NormalTexture>
                <PushedTexture file="Interface\Buttons\UI-Panel-Button-Down">
                    <TexCoords left="0" right="0.625" top="0" bottom="0.6875" />
                </PushedTexture>
                <DisabledTexture file="Interface\Buttons\UI-Panel-Button-Disabled">
                    <TexCoords left="0" right="0.625" top="0" bottom="0.6875" />
                </DisabledTexture>
                <HighlightTexture file="Interface\Buttons\UI-Panel-Button-Highlight" alphaMode="ADD">
                    <TexCoords left="0" right="0.625" top="0" bottom="0.6875" />
                </HighlightTexture>
                <ButtonText name="$parentText">
                    <FontHeight>
                        <AbsValue val="10" />
                    </FontHeight>
                </ButtonText>
                <NormalFont inherits="GameFontNormal" font="Fonts\FRIZQT__.TTF">
                    <FontHeight>
                        <AbsValue val="12" />
                    </FontHeight>
                    <Color r="1" g="0.8196079" b="0" />
                    <Shadow>
                        <Color r="0" g="0" b="0" />
                        <Offset>
                            <AbsDimension x="1" y="-1" />
                        </Offset>
                    </Shadow>
                </NormalFont>
                <HighlightFont inherits="GameFontHighlight" font="Fonts\FRIZQT__.TTF">
                    <FontHeight>
                        <AbsValue val="12" />
                    </FontHeight>
                    <Color r="1" g="1" b="1" />
                    <Shadow>
                        <Color r="0" g="0" b="0" />
                        <Offset>
                            <AbsDimension x="1" y="-1" />
                        </Offset>
                    </Shadow>
                </HighlightFont>
                <DisabledFont inherits="GameFontDisable" font="Fonts\FRIZQT__.TTF">
                    <FontHeight>
                        <AbsValue val="12" />
                    </FontHeight>
                    <Color r="0.4980392" g="0.4980392" b="0.4980392" />
                    <Shadow>
                        <Color r="0" g="0" b="0" />
                        <Offset>
                            <AbsDimension x="1" y="-1" />
                        </Offset>
                    </Shadow>
                </DisabledFont>
            </Button>
            <Button name="FirstAid" text="FirstAid">
                <!--<FrameSkin skinid="dcb143e1-a4ab-4e7c-b934-1efa40101d21" frameid="2d508884-59c2-4f83-ae10-27aaad48391b" />-->
                <Size>
                    <AbsDimension x="143" y="25" />
                </Size>
                <Anchors>
                    <Anchor point="TOPLEFT">
                        <Offset>
                            <AbsDimension x="23" y="-454" />
                        </Offset>
                    </Anchor>
                </Anchors>
                <Scripts>
                    <OnClick>if SkillLevel:GetNumLetters() &lt; 1 then
UIErrorsFrame:AddMessage("Please complete the required fields!", 1.0, 0.0, 0.0, 53, 2);
else
LearnFirstAid()
; SkillLevel:ClearFocus();
end</OnClick>
                </Scripts>
                <NormalTexture file="Interface\Buttons\UI-Panel-Button-Up">
                    <TexCoords left="0" right="0.625" top="0" bottom="0.6875" />
                </NormalTexture>
                <PushedTexture file="Interface\Buttons\UI-Panel-Button-Down">
                    <TexCoords left="0" right="0.625" top="0" bottom="0.6875" />
                </PushedTexture>
                <DisabledTexture file="Interface\Buttons\UI-Panel-Button-Disabled">
                    <TexCoords left="0" right="0.625" top="0" bottom="0.6875" />
                </DisabledTexture>
                <HighlightTexture file="Interface\Buttons\UI-Panel-Button-Highlight" alphaMode="ADD">
                    <TexCoords left="0" right="0.625" top="0" bottom="0.6875" />
                </HighlightTexture>
                <ButtonText name="$parentText">
                    <FontHeight>
                        <AbsValue val="10" />
                    </FontHeight>
                </ButtonText>
                <NormalFont inherits="GameFontNormal" font="Fonts\FRIZQT__.TTF">
                    <FontHeight>
                        <AbsValue val="12" />
                    </FontHeight>
                    <Color r="1" g="0.8196079" b="0" />
                    <Shadow>
                        <Color r="0" g="0" b="0" />
                        <Offset>
                            <AbsDimension x="1" y="-1" />
                        </Offset>
                    </Shadow>
                </NormalFont>
                <HighlightFont inherits="GameFontHighlight" font="Fonts\FRIZQT__.TTF">
                    <FontHeight>
                        <AbsValue val="12" />
                    </FontHeight>
                    <Color r="1" g="1" b="1" />
                    <Shadow>
                        <Color r="0" g="0" b="0" />
                        <Offset>
                            <AbsDimension x="1" y="-1" />
                        </Offset>
                    </Shadow>
                </HighlightFont>
                <DisabledFont inherits="GameFontDisable" font="Fonts\FRIZQT__.TTF">
                    <FontHeight>
                        <AbsValue val="12" />
                    </FontHeight>
                    <Color r="0.4980392" g="0.4980392" b="0.4980392" />
                    <Shadow>
                        <Color r="0" g="0" b="0" />
                        <Offset>
                            <AbsDimension x="1" y="-1" />
                        </Offset>
                    </Shadow>
                </DisabledFont>
            </Button>
            <Button name="Mining" text="Mining">
                <!--<FrameSkin skinid="dcb143e1-a4ab-4e7c-b934-1efa40101d21" frameid="2d508884-59c2-4f83-ae10-27aaad48391b" />-->
                <Size>
                    <AbsDimension x="143" y="25" />
                </Size>
                <Anchors>
                    <Anchor point="TOPLEFT">
                        <Offset>
                            <AbsDimension x="23" y="-299" />
                        </Offset>
                    </Anchor>
                </Anchors>
                <Scripts>
                    <OnClick>if SkillLevel:GetNumLetters() &lt; 1 then
UIErrorsFrame:AddMessage("Please complete the required fields!", 1.0, 0.0, 0.0, 53, 2);
else
LearnMining()
; SkillLevel:ClearFocus();
end</OnClick>
                </Scripts>
                <NormalTexture file="Interface\Buttons\UI-Panel-Button-Up">
                    <TexCoords left="0" right="0.625" top="0" bottom="0.6875" />
                </NormalTexture>
                <PushedTexture file="Interface\Buttons\UI-Panel-Button-Down">
                    <TexCoords left="0" right="0.625" top="0" bottom="0.6875" />
                </PushedTexture>
                <DisabledTexture file="Interface\Buttons\UI-Panel-Button-Disabled">
                    <TexCoords left="0" right="0.625" top="0" bottom="0.6875" />
                </DisabledTexture>
                <HighlightTexture file="Interface\Buttons\UI-Panel-Button-Highlight" alphaMode="ADD">
                    <TexCoords left="0" right="0.625" top="0" bottom="0.6875" />
                </HighlightTexture>
                <ButtonText name="$parentText">
                    <FontHeight>
                        <AbsValue val="10" />
                    </FontHeight>
                </ButtonText>
                <NormalFont inherits="GameFontNormal" font="Fonts\FRIZQT__.TTF">
                    <FontHeight>
                        <AbsValue val="12" />
                    </FontHeight>
                    <Color r="1" g="0.8196079" b="0" />
                    <Shadow>
                        <Color r="0" g="0" b="0" />
                        <Offset>
                            <AbsDimension x="1" y="-1" />
                        </Offset>
                    </Shadow>
                </NormalFont>
                <HighlightFont inherits="GameFontHighlight" font="Fonts\FRIZQT__.TTF">
                    <FontHeight>
                        <AbsValue val="12" />
                    </FontHeight>
                    <Color r="1" g="1" b="1" />
                    <Shadow>
                        <Color r="0" g="0" b="0" />
                        <Offset>
                            <AbsDimension x="1" y="-1" />
                        </Offset>
                    </Shadow>
                </HighlightFont>
                <DisabledFont inherits="GameFontDisable" font="Fonts\FRIZQT__.TTF">
                    <FontHeight>
                        <AbsValue val="12" />
                    </FontHeight>
                    <Color r="0.4980392" g="0.4980392" b="0.4980392" />
                    <Shadow>
                        <Color r="0" g="0" b="0" />
                        <Offset>
                            <AbsDimension x="1" y="-1" />
                        </Offset>
                    </Shadow>
                </DisabledFont>
            </Button>
            <Button name="Cooking" text="Cooking">
                <!--<FrameSkin skinid="dcb143e1-a4ab-4e7c-b934-1efa40101d21" frameid="2d508884-59c2-4f83-ae10-27aaad48391b" />-->
                <Size>
                    <AbsDimension x="143" y="25" />
                </Size>
                <Anchors>
                    <Anchor point="TOPLEFT">
                        <Offset>
                            <AbsDimension x="23" y="-392" />
                        </Offset>
                    </Anchor>
                </Anchors>
                <Scripts>
                    <OnClick>if SkillLevel:GetNumLetters() &lt; 1 then
UIErrorsFrame:AddMessage("Please complete the required fields!", 1.0, 0.0, 0.0, 53, 2);
else
LearnCooking()
; SkillLevel:ClearFocus();
end</OnClick>
                </Scripts>
                <NormalTexture file="Interface\Buttons\UI-Panel-Button-Up">
                    <TexCoords left="0" right="0.625" top="0" bottom="0.6875" />
                </NormalTexture>
                <PushedTexture file="Interface\Buttons\UI-Panel-Button-Down">
                    <TexCoords left="0" right="0.625" top="0" bottom="0.6875" />
                </PushedTexture>
                <DisabledTexture file="Interface\Buttons\UI-Panel-Button-Disabled">
                    <TexCoords left="0" right="0.625" top="0" bottom="0.6875" />
                </DisabledTexture>
                <HighlightTexture file="Interface\Buttons\UI-Panel-Button-Highlight" alphaMode="ADD">
                    <TexCoords left="0" right="0.625" top="0" bottom="0.6875" />
                </HighlightTexture>
                <ButtonText name="$parentText">
                    <FontHeight>
                        <AbsValue val="10" />
                    </FontHeight>
                </ButtonText>
                <NormalFont inherits="GameFontNormal" font="Fonts\FRIZQT__.TTF">
                    <FontHeight>
                        <AbsValue val="12" />
                    </FontHeight>
                    <Color r="1" g="0.8196079" b="0" />
                    <Shadow>
                        <Color r="0" g="0" b="0" />
                        <Offset>
                            <AbsDimension x="1" y="-1" />
                        </Offset>
                    </Shadow>
                </NormalFont>
                <HighlightFont inherits="GameFontHighlight" font="Fonts\FRIZQT__.TTF">
                    <FontHeight>
                        <AbsValue val="12" />
                    </FontHeight>
                    <Color r="1" g="1" b="1" />
                    <Shadow>
                        <Color r="0" g="0" b="0" />
                        <Offset>
                            <AbsDimension x="1" y="-1" />
                        </Offset>
                    </Shadow>
                </HighlightFont>
                <DisabledFont inherits="GameFontDisable" font="Fonts\FRIZQT__.TTF">
                    <FontHeight>
                        <AbsValue val="12" />
                    </FontHeight>
                    <Color r="0.4980392" g="0.4980392" b="0.4980392" />
                    <Shadow>
                        <Color r="0" g="0" b="0" />
                        <Offset>
                            <AbsDimension x="1" y="-1" />
                        </Offset>
                    </Shadow>
                </DisabledFont>
            </Button>
            <Button name="$parentComponent3" text="Herbalism">
                <!--<FrameSkin skinid="dcb143e1-a4ab-4e7c-b934-1efa40101d21" frameid="2d508884-59c2-4f83-ae10-27aaad48391b" />-->
                <Size>
                    <AbsDimension x="143" y="25" />
                </Size>
                <Anchors>
                    <Anchor point="TOPLEFT">
                        <Offset>
                            <AbsDimension x="23" y="-206" />
                        </Offset>
                    </Anchor>
                </Anchors>
                <Scripts>
                    <OnClick>if SkillLevel:GetNumLetters() &lt; 1 then
UIErrorsFrame:AddMessage("Please complete the required fields!", 1.0, 0.0, 0.0, 53, 2);
else
LearnHerbalism()
; SkillLevel:ClearFocus();
end</OnClick>
                </Scripts>
                <NormalTexture file="Interface\Buttons\UI-Panel-Button-Up">
                    <TexCoords left="0" right="0.625" top="0" bottom="0.6875" />
                </NormalTexture>
                <PushedTexture file="Interface\Buttons\UI-Panel-Button-Down">
                    <TexCoords left="0" right="0.625" top="0" bottom="0.6875" />
                </PushedTexture>
                <DisabledTexture file="Interface\Buttons\UI-Panel-Button-Disabled">
                    <TexCoords left="0" right="0.625" top="0" bottom="0.6875" />
                </DisabledTexture>
                <HighlightTexture file="Interface\Buttons\UI-Panel-Button-Highlight" alphaMode="ADD">
                    <TexCoords left="0" right="0.625" top="0" bottom="0.6875" />
                </HighlightTexture>
                <ButtonText name="$parentText">
                    <FontHeight>
                        <AbsValue val="10" />
                    </FontHeight>
                </ButtonText>
                <NormalFont inherits="GameFontNormal" font="Fonts\FRIZQT__.TTF">
                    <FontHeight>
                        <AbsValue val="12" />
                    </FontHeight>
                    <Color r="1" g="0.8196079" b="0" />
                    <Shadow>
                        <Color r="0" g="0" b="0" />
                        <Offset>
                            <AbsDimension x="1" y="-1" />
                        </Offset>
                    </Shadow>
                </NormalFont>
                <HighlightFont inherits="GameFontHighlight" font="Fonts\FRIZQT__.TTF">
                    <FontHeight>
                        <AbsValue val="12" />
                    </FontHeight>
                    <Color r="1" g="1" b="1" />
                    <Shadow>
                        <Color r="0" g="0" b="0" />
                        <Offset>
                            <AbsDimension x="1" y="-1" />
                        </Offset>
                    </Shadow>
                </HighlightFont>
                <DisabledFont inherits="GameFontDisable" font="Fonts\FRIZQT__.TTF">
                    <FontHeight>
                        <AbsValue val="12" />
                    </FontHeight>
                    <Color r="0.4980392" g="0.4980392" b="0.4980392" />
                    <Shadow>
                        <Color r="0" g="0" b="0" />
                        <Offset>
                            <AbsDimension x="1" y="-1" />
                        </Offset>
                    </Shadow>
                </DisabledFont>
            </Button>
            <Button name="$parentComponent2" text="Jewel Craft">
                <!--<FrameSkin skinid="dcb143e1-a4ab-4e7c-b934-1efa40101d21" frameid="2d508884-59c2-4f83-ae10-27aaad48391b" />-->
                <Size>
                    <AbsDimension x="143" y="25" />
                </Size>
                <Anchors>
                    <Anchor point="TOPLEFT">
                        <Offset>
                            <AbsDimension x="23" y="-237" />
                        </Offset>
                    </Anchor>
                </Anchors>
                <Scripts>
                    <OnClick>if SkillLevel:GetNumLetters() &lt; 1 then
UIErrorsFrame:AddMessage("Please complete the required fields!", 1.0, 0.0, 0.0, 53, 2);
else
LearnJewel()
; SkillLevel:ClearFocus();
end</OnClick>
                </Scripts>
                <NormalTexture file="Interface\Buttons\UI-Panel-Button-Up">
                    <TexCoords left="0" right="0.625" top="0" bottom="0.6875" />
                </NormalTexture>
                <PushedTexture file="Interface\Buttons\UI-Panel-Button-Down">
                    <TexCoords left="0" right="0.625" top="0" bottom="0.6875" />
                </PushedTexture>
                <DisabledTexture file="Interface\Buttons\UI-Panel-Button-Disabled">
                    <TexCoords left="0" right="0.625" top="0" bottom="0.6875" />
                </DisabledTexture>
                <HighlightTexture file="Interface\Buttons\UI-Panel-Button-Highlight" alphaMode="ADD">
                    <TexCoords left="0" right="0.625" top="0" bottom="0.6875" />
                </HighlightTexture>
                <ButtonText name="$parentText">
                    <FontHeight>
                        <AbsValue val="10" />
                    </FontHeight>
                </ButtonText>
                <NormalFont inherits="GameFontNormal" font="Fonts\FRIZQT__.TTF">
                    <FontHeight>
                        <AbsValue val="12" />
                    </FontHeight>
                    <Color r="1" g="0.8196079" b="0" />
                    <Shadow>
                        <Color r="0" g="0" b="0" />
                        <Offset>
                            <AbsDimension x="1" y="-1" />
                        </Offset>
                    </Shadow>
                </NormalFont>
                <HighlightFont inherits="GameFontHighlight" font="Fonts\FRIZQT__.TTF">
                    <FontHeight>
                        <AbsValue val="12" />
                    </FontHeight>
                    <Color r="1" g="1" b="1" />
                    <Shadow>
                        <Color r="0" g="0" b="0" />
                        <Offset>
                            <AbsDimension x="1" y="-1" />
                        </Offset>
                    </Shadow>
                </HighlightFont>
                <DisabledFont inherits="GameFontDisable" font="Fonts\FRIZQT__.TTF">
                    <FontHeight>
                        <AbsValue val="12" />
                    </FontHeight>
                    <Color r="0.4980392" g="0.4980392" b="0.4980392" />
                    <Shadow>
                        <Color r="0" g="0" b="0" />
                        <Offset>
                            <AbsDimension x="1" y="-1" />
                        </Offset>
                    </Shadow>
                </DisabledFont>
            </Button>
            <Button name="$parentComponent4" text="Fishing">
                <!--<FrameSkin skinid="dcb143e1-a4ab-4e7c-b934-1efa40101d21" frameid="2d508884-59c2-4f83-ae10-27aaad48391b" />-->
                <Size>
                    <AbsDimension x="143" y="25" />
                </Size>
                <Anchors>
                    <Anchor point="TOPLEFT">
                        <Offset>
                            <AbsDimension x="23" y="-423" />
                        </Offset>
                    </Anchor>
                </Anchors>
                <Scripts>
                    <OnClick>if SkillLevel:GetNumLetters() &lt; 1 then
UIErrorsFrame:AddMessage("Please complete the required fields!", 1.0, 0.0, 0.0, 53, 2);
else
LearnFishing()
; SkillLevel:ClearFocus();
end</OnClick>
                </Scripts>
                <NormalTexture file="Interface\Buttons\UI-Panel-Button-Up">
                    <TexCoords left="0" right="0.625" top="0" bottom="0.6875" />
                </NormalTexture>
                <PushedTexture file="Interface\Buttons\UI-Panel-Button-Down">
                    <TexCoords left="0" right="0.625" top="0" bottom="0.6875" />
                </PushedTexture>
                <DisabledTexture file="Interface\Buttons\UI-Panel-Button-Disabled">
                    <TexCoords left="0" right="0.625" top="0" bottom="0.6875" />
                </DisabledTexture>
                <HighlightTexture file="Interface\Buttons\UI-Panel-Button-Highlight" alphaMode="ADD">
                    <TexCoords left="0" right="0.625" top="0" bottom="0.6875" />
                </HighlightTexture>
                <ButtonText name="$parentText">
                    <FontHeight>
                        <AbsValue val="10" />
                    </FontHeight>
                </ButtonText>
                <NormalFont inherits="GameFontNormal" font="Fonts\FRIZQT__.TTF">
                    <FontHeight>
                        <AbsValue val="12" />
                    </FontHeight>
                    <Color r="1" g="0.8196079" b="0" />
                    <Shadow>
                        <Color r="0" g="0" b="0" />
                        <Offset>
                            <AbsDimension x="1" y="-1" />
                        </Offset>
                    </Shadow>
                </NormalFont>
                <HighlightFont inherits="GameFontHighlight" font="Fonts\FRIZQT__.TTF">
                    <FontHeight>
                        <AbsValue val="12" />
                    </FontHeight>
                    <Color r="1" g="1" b="1" />
                    <Shadow>
                        <Color r="0" g="0" b="0" />
                        <Offset>
                            <AbsDimension x="1" y="-1" />
                        </Offset>
                    </Shadow>
                </HighlightFont>
                <DisabledFont inherits="GameFontDisable" font="Fonts\FRIZQT__.TTF">
                    <FontHeight>
                        <AbsValue val="12" />
                    </FontHeight>
                    <Color r="0.4980392" g="0.4980392" b="0.4980392" />
                    <Shadow>
                        <Color r="0" g="0" b="0" />
                        <Offset>
                            <AbsDimension x="1" y="-1" />
                        </Offset>
                    </Shadow>
                </DisabledFont>
            </Button>
            <Button name="$parentComponent5" text="Poisons">
                <!--<FrameSkin skinid="dcb143e1-a4ab-4e7c-b934-1efa40101d21" frameid="2d508884-59c2-4f83-ae10-27aaad48391b" />-->
                <Size>
                    <AbsDimension x="143" y="25" />
                </Size>
                <Anchors>
                    <Anchor point="TOPLEFT">
                        <Offset>
                            <AbsDimension x="23" y="-485" />
                        </Offset>
                    </Anchor>
                </Anchors>
                <Scripts>
                    <OnClick>if SkillLevel:GetNumLetters() &lt; 1 then
UIErrorsFrame:AddMessage("Please complete the required fields!", 1.0, 0.0, 0.0, 53, 2);
else
LearnPoisons()
; SkillLevel:ClearFocus();
end</OnClick>
                </Scripts>
                <NormalTexture file="Interface\Buttons\UI-Panel-Button-Up">
                    <TexCoords left="0" right="0.625" top="0" bottom="0.6875" />
                </NormalTexture>
                <PushedTexture file="Interface\Buttons\UI-Panel-Button-Down">
                    <TexCoords left="0" right="0.625" top="0" bottom="0.6875" />
                </PushedTexture>
                <DisabledTexture file="Interface\Buttons\UI-Panel-Button-Disabled">
                    <TexCoords left="0" right="0.625" top="0" bottom="0.6875" />
                </DisabledTexture>
                <HighlightTexture file="Interface\Buttons\UI-Panel-Button-Highlight" alphaMode="ADD">
                    <TexCoords left="0" right="0.625" top="0" bottom="0.6875" />
                </HighlightTexture>
                <ButtonText name="$parentText">
                    <FontHeight>
                        <AbsValue val="10" />
                    </FontHeight>
                </ButtonText>
                <NormalFont inherits="GameFontNormal" font="Fonts\FRIZQT__.TTF">
                    <FontHeight>
                        <AbsValue val="12" />
                    </FontHeight>
                    <Color r="1" g="0.8196079" b="0" />
                    <Shadow>
                        <Color r="0" g="0" b="0" />
                        <Offset>
                            <AbsDimension x="1" y="-1" />
                        </Offset>
                    </Shadow>
                </NormalFont>
                <HighlightFont inherits="GameFontHighlight" font="Fonts\FRIZQT__.TTF">
                    <FontHeight>
                        <AbsValue val="12" />
                    </FontHeight>
                    <Color r="1" g="1" b="1" />
                    <Shadow>
                        <Color r="0" g="0" b="0" />
                        <Offset>
                            <AbsDimension x="1" y="-1" />
                        </Offset>
                    </Shadow>
                </HighlightFont>
                <DisabledFont inherits="GameFontDisable" font="Fonts\FRIZQT__.TTF">
                    <FontHeight>
                        <AbsValue val="12" />
                    </FontHeight>
                    <Color r="0.4980392" g="0.4980392" b="0.4980392" />
                    <Shadow>
                        <Color r="0" g="0" b="0" />
                        <Offset>
                            <AbsDimension x="1" y="-1" />
                        </Offset>
                    </Shadow>
                </DisabledFont>
            </Button>
            <Frame name="$parentComponent1">
                <!--<FrameSkin skinid="dcb143e1-a4ab-4e7c-b934-1efa40101d21" frameid="2d508885-59c2-4f83-ae10-27aaad48391b" />-->
                <Size>
                    <AbsDimension x="143" y="18" />
                </Size>
                <Anchors>
                    <Anchor point="TOPLEFT">
                        <Offset>
                            <AbsDimension x="23" y="-381" />
                        </Offset>
                    </Anchor>
                </Anchors>
                <Layers>
                    <Layer>
                        <FontString name="$parentLabel" font="Fonts\FRIZQT__.TTF" text="----------------">
                            <Anchors>
                                <Anchor point="TOPLEFT" />
                                <Anchor point="BOTTOMRIGHT" />
                            </Anchors>
                            <FontHeight>
                                <AbsValue val="12" />
                            </FontHeight>
                            <Color r="1" g="0.8196079" b="0" />
                            <Shadow>
                                <Color r="0" g="0" b="0" />
                                <Offset>
                                    <AbsDimension x="1" y="-1" />
                                </Offset>
                            </Shadow>
                        </FontString>
                    </Layer>
                </Layers>
            </Frame>
            <Frame name="$parentComponent6">
                <!--<FrameSkin skinid="dcb143e1-a4ab-4e7c-b934-1efa40101d21" frameid="2d508885-59c2-4f83-ae10-27aaad48391b" />-->
                <Size>
                    <AbsDimension x="143" y="18" />
                </Size>
                <Anchors>
                    <Anchor point="TOPLEFT">
                        <Offset>
                            <AbsDimension x="23" y="-472" />
                        </Offset>
                    </Anchor>
                </Anchors>
                <Layers>
                    <Layer>
                        <FontString name="$parentLabel" font="Fonts\FRIZQT__.TTF" text="----------------">
                            <Anchors>
                                <Anchor point="TOPLEFT" />
                                <Anchor point="BOTTOMRIGHT" />
                            </Anchors>
                            <FontHeight>
                                <AbsValue val="12" />
                            </FontHeight>
                            <Color r="1" g="0.8196079" b="0" />
                            <Shadow>
                                <Color r="0" g="0" b="0" />
                                <Offset>
                                    <AbsDimension x="1" y="-1" />
                                </Offset>
                            </Shadow>
                        </FontString>
                    </Layer>
                </Layers>
            </Frame>
        </Frames>
        <Scripts>
            <OnLoad>GMHelperOnLoad()
</OnLoad>
            <OnDragStart>this:StartMoving()
</OnDragStart>
            <OnDragStop>this:StopMovingOrSizing()
</OnDragStop>
        </Scripts>
    </Frame>
</Ui>