<Ui xmlns="http://www.blizzard.com/wow/ui" xmlns:xsi="http://www.w3.org/2001/XMLSchema-instance">
    <!--Autogenerated by wowuides, Version=1.0.300.0, Culture=neutral, PublicKeyToken=null-->
    <Frame name="SkillForm" hidden="true" parent="UIParent" movable="true" resizable="true" enableMouse="true">
        <!--<FrameSkin skinid="dcb143e1-a4ab-4e7c-b934-1efa40101d21" frameid="2d508883-59c2-4f83-ae10-27aaad48391b" />-->
        <Size>
            <AbsDimension x="184" y="455" />
        </Size>
        <Anchors>
            <Anchor point="RIGHT" relativeTo="UIParent">
                <Offset>
                    <AbsDimension x="0" y="0" />
                </Offset>
            </Anchor>
        </Anchors>
        <Backdrop bgFile="Interface\DialogFrame\UI-DialogBox-Background" edgeFile="Interface\DialogFrame\UI-DialogBox-Border" tile="true">
            <BackgroundInsets>
                <AbsInset left="11" right="12" top="12" bottom="11" />
            </BackgroundInsets>
            <TileSize>
                <AbsValue val="32" />
            </TileSize>
            <EdgeSize>
                <AbsValue val="32" />
            </EdgeSize>
        </Backdrop>
        <Layers>
            <Layer>
                <Texture name="$parentTitleBorder" file="Interface\DialogFrame\UI-DialogBox-Header">
                    <Size>
                        <AbsDimension x="160" y="32" />
                    </Size>
                    <Anchors>
                        <Anchor point="TOP">
                            <Offset>
                                <AbsDimension x="0" y="5" />
                            </Offset>
                        </Anchor>
                    </Anchors>
                    <TexCoords left="0.2" right="0.8" top="0" bottom="0.6" />
                </Texture>
                <FontString name="$parentTitleString" font="Fonts\FRIZQT__.TTF" text="Skills">
                    <Size>
                        <AbsDimension x="140" y="0" />
                    </Size>
                    <Anchors>
                        <Anchor point="TOP">
                            <Offset>
                                <AbsDimension x="0" y="-4" />
                            </Offset>
                        </Anchor>
                    </Anchors>
                    <FontHeight>
                        <AbsValue val="12" />
                    </FontHeight>
                    <Color r="1" g="0.8196079" b="0" />
                    <Shadow>
                        <Color r="0" g="0" b="0" />
                        <Offset>
                            <AbsDimension x="1" y="-1" />
                        </Offset>
                    </Shadow>
                </FontString>
            </Layer>
        </Layers>
        <Frames>
            <Frame name="$parentLabel2">
                <!--<FrameSkin skinid="dcb143e1-a4ab-4e7c-b934-1efa40101d21" frameid="2d508885-59c2-4f83-ae10-27aaad48391b" />-->
                <Size>
                    <AbsDimension x="150" y="18" />
                </Size>
                <Anchors>
                    <Anchor point="TOPLEFT">
                        <Offset>
                            <AbsDimension x="16" y="-278" />
                        </Offset>
                    </Anchor>
                </Anchors>
                <Layers>
                    <Layer>
                        <FontString name="$parentLabel" font="Fonts\FRIZQT__.TTF" text="-----------">
                            <Anchors>
                                <Anchor point="TOPLEFT" />
                                <Anchor point="BOTTOMRIGHT" />
                            </Anchors>
                            <FontHeight>
                                <AbsValue val="12" />
                            </FontHeight>
                            <Color r="1" g="0.8196079" b="0" />
                            <Shadow>
                                <Color r="0" g="0" b="0" />
                                <Offset>
                                    <AbsDimension x="1" y="-1" />
                                </Offset>
                            </Shadow>
                        </FontString>
                    </Layer>
                </Layers>
            </Frame>
            <Frame name="$parentLabel1">
                <!--<FrameSkin skinid="dcb143e1-a4ab-4e7c-b934-1efa40101d21" frameid="2d508885-59c2-4f83-ae10-27aaad48391b" />-->
                <Size>
                    <AbsDimension x="91" y="18" />
                </Size>
                <Anchors>
                    <Anchor point="TOPLEFT">
                        <Offset>
                            <AbsDimension x="16" y="-29" />
                        </Offset>
                    </Anchor>
                </Anchors>
                <Layers>
                    <Layer>
                        <FontString name="$parentLabel" font="Fonts\FRIZQT__.TTF" text="Skill Number">
                            <Anchors>
                                <Anchor point="TOPLEFT" />
                                <Anchor point="BOTTOMRIGHT" />
                            </Anchors>
                            <FontHeight>
                                <AbsValue val="12" />
                            </FontHeight>
                            <Color r="1" g="0.8196079" b="0" />
                            <Shadow>
                                <Color r="0" g="0" b="0" />
                                <Offset>
                                    <AbsDimension x="1" y="-1" />
                                </Offset>
                            </Shadow>
                        </FontString>
                    </Layer>
                </Layers>
            </Frame>
            <Button name="Done" text="Done">
                <!--<FrameSkin skinid="dcb143e1-a4ab-4e7c-b934-1efa40101d21" frameid="2d508884-59c2-4f83-ae10-27aaad48391b" />-->
                <Size>
                    <AbsDimension x="97" y="19" />
                </Size>
                <Anchors>
                    <Anchor point="TOPLEFT">
                        <Offset>
                            <AbsDimension x="44" y="-418" />
                        </Offset>
                    </Anchor>
                </Anchors>
                <Scripts>
                    <OnClick>SkillForm:Hide(); OpenMain(); SkillNumber:SetText(""); SkillLvl:SetText(""); SkillMax:SetText(""); SkillsBy:SetText("");
</OnClick>
                </Scripts>
                <NormalTexture file="Interface\Buttons\UI-Panel-Button-Up">
                    <TexCoords left="0" right="0.625" top="0" bottom="0.6875" />
                </NormalTexture>
                <PushedTexture file="Interface\Buttons\UI-Panel-Button-Down">
                    <TexCoords left="0" right="0.625" top="0" bottom="0.6875" />
                </PushedTexture>
                <DisabledTexture file="Interface\Buttons\UI-Panel-Button-Disabled">
                    <TexCoords left="0" right="0.625" top="0" bottom="0.6875" />
                </DisabledTexture>
                <HighlightTexture file="Interface\Buttons\UI-Panel-Button-Highlight" alphaMode="ADD">
                    <TexCoords left="0" right="0.625" top="0" bottom="0.6875" />
                </HighlightTexture>
                <ButtonText name="$parentText">
                    <FontHeight>
                        <AbsValue val="10" />
                    </FontHeight>
                </ButtonText>
                <NormalFont inherits="GameFontNormal" font="Fonts\FRIZQT__.TTF">
                    <FontHeight>
                        <AbsValue val="12" />
                    </FontHeight>
                    <Color r="1" g="0.8196079" b="0" />
                    <Shadow>
                        <Color r="0" g="0" b="0" />
                        <Offset>
                            <AbsDimension x="1" y="-1" />
                        </Offset>
                    </Shadow>
                </NormalFont>
                <HighlightFont inherits="GameFontHighlight" font="Fonts\FRIZQT__.TTF">
                    <FontHeight>
                        <AbsValue val="12" />
                    </FontHeight>
                    <Color r="1" g="1" b="1" />
                    <Shadow>
                        <Color r="0" g="0" b="0" />
                        <Offset>
                            <AbsDimension x="1" y="-1" />
                        </Offset>
                    </Shadow>
                </HighlightFont>
                <DisabledFont inherits="GameFontDisable" font="Fonts\FRIZQT__.TTF">
                    <FontHeight>
                        <AbsValue val="12" />
                    </FontHeight>
                    <Color r="0.4980392" g="0.4980392" b="0.4980392" />
                    <Shadow>
                        <Color r="0" g="0" b="0" />
                        <Offset>
                            <AbsDimension x="1" y="-1" />
                        </Offset>
                    </Shadow>
                </DisabledFont>
            </Button>
            <EditBox name="SkillNumber" enableMouse="true">
                <!--<FrameSkin skinid="dcb143e1-a4ab-4e7c-b934-1efa40101d21" frameid="2d508887-59c2-4f83-ae10-27aaad48391b" />-->
                <Size>
                    <AbsDimension x="150" y="26" />
                </Size>
                <Anchors>
                    <Anchor point="TOPLEFT">
                        <Offset>
                            <AbsDimension x="16" y="-44" />
                        </Offset>
                    </Anchor>
                </Anchors>
                <Layers>
                    <Layer level="BACKGROUND">
                        <Texture name="$parentLeft" file="Interface\Common\Common-Input-Border">
                            <Size>
                                <AbsDimension x="8" y="20" />
                            </Size>
                            <Anchors>
                                <Anchor point="LEFT" />
                            </Anchors>
                            <TexCoords left="0" right="0.0625" top="0" bottom="0.625" />
                        </Texture>
                        <Texture name="$parentRight" file="Interface\Common\Common-Input-Border">
                            <Size>
                                <AbsDimension x="8" y="20" />
                            </Size>
                            <Anchors>
                                <Anchor point="RIGHT" />
                            </Anchors>
                            <TexCoords left="0.9375" right="1" top="0" bottom="0.625" />
                        </Texture>
                        <Texture name="$parentMiddle" file="Interface\Common\Common-Input-Border">
                            <Size>
                                <AbsDimension x="10" y="20" />
                            </Size>
                            <Anchors>
                                <Anchor point="LEFT" relativeTo="$parentLeft" relativePoint="RIGHT" />
                                <Anchor point="RIGHT" relativeTo="$parentRight" relativePoint="LEFT" />
                            </Anchors>
                            <TexCoords left="0.0625" right="0.9375" top="0" bottom="0.625" />
                        </Texture>
                    </Layer>
                </Layers>
                <Scripts>
                    <OnLoad>this:SetAutoFocus(false);
</OnLoad>
                    <OnEscapePressed>SkillNumber:ClearFocus();
</OnEscapePressed>
                    <OnTabPressed>this:ClearFocus(); SkillLvl:SetFocus();
</OnTabPressed>
                </Scripts>
                <FontString font="Fonts\ARIALN.TTF">
                    <FontHeight>
                        <AbsValue val="14" />
                    </FontHeight>
                    <Color r="1" g="1" b="1" />
                    <Shadow>
                        <Color r="0" g="0" b="0" />
                        <Offset>
                            <AbsDimension x="1" y="-1" />
                        </Offset>
                    </Shadow>
                </FontString>
            </EditBox>
            <Button name="Professions" text="Professions">
                <!--<FrameSkin skinid="dcb143e1-a4ab-4e7c-b934-1efa40101d21" frameid="2d508884-59c2-4f83-ae10-27aaad48391b" />-->
                <Size>
                    <AbsDimension x="150" y="25" />
                </Size>
                <Anchors>
                    <Anchor point="TOPLEFT">
                        <Offset>
                            <AbsDimension x="16" y="-185" />
                        </Offset>
                    </Anchor>
                </Anchors>
                <Scripts>
                    <OnClick>ProfessionsForm:Show(); SkillForm:Hide();
</OnClick>
                </Scripts>
                <NormalTexture file="Interface\Buttons\UI-Panel-Button-Up">
                    <TexCoords left="0" right="0.625" top="0" bottom="0.6875" />
                </NormalTexture>
                <PushedTexture file="Interface\Buttons\UI-Panel-Button-Down">
                    <TexCoords left="0" right="0.625" top="0" bottom="0.6875" />
                </PushedTexture>
                <DisabledTexture file="Interface\Buttons\UI-Panel-Button-Disabled">
                    <TexCoords left="0" right="0.625" top="0" bottom="0.6875" />
                </DisabledTexture>
                <HighlightTexture file="Interface\Buttons\UI-Panel-Button-Highlight" alphaMode="ADD">
                    <TexCoords left="0" right="0.625" top="0" bottom="0.6875" />
                </HighlightTexture>
                <ButtonText name="$parentText">
                    <FontHeight>
                        <AbsValue val="10" />
                    </FontHeight>
                </ButtonText>
                <NormalFont inherits="GameFontNormal" font="Fonts\FRIZQT__.TTF">
                    <FontHeight>
                        <AbsValue val="12" />
                    </FontHeight>
                    <Color r="1" g="0.8196079" b="0" />
                    <Shadow>
                        <Color r="0" g="0" b="0" />
                        <Offset>
                            <AbsDimension x="1" y="-1" />
                        </Offset>
                    </Shadow>
                </NormalFont>
                <HighlightFont inherits="GameFontHighlight" font="Fonts\FRIZQT__.TTF">
                    <FontHeight>
                        <AbsValue val="12" />
                    </FontHeight>
                    <Color r="1" g="1" b="1" />
                    <Shadow>
                        <Color r="0" g="0" b="0" />
                        <Offset>
                            <AbsDimension x="1" y="-1" />
                        </Offset>
                    </Shadow>
                </HighlightFont>
                <DisabledFont inherits="GameFontDisable" font="Fonts\FRIZQT__.TTF">
                    <FontHeight>
                        <AbsValue val="12" />
                    </FontHeight>
                    <Color r="0.4980392" g="0.4980392" b="0.4980392" />
                    <Shadow>
                        <Color r="0" g="0" b="0" />
                        <Offset>
                            <AbsDimension x="1" y="-1" />
                        </Offset>
                    </Shadow>
                </DisabledFont>
            </Button>
            <Button name="Riding" text="Riding Skills">
                <!--<FrameSkin skinid="dcb143e1-a4ab-4e7c-b934-1efa40101d21" frameid="2d508884-59c2-4f83-ae10-27aaad48391b" />-->
                <Size>
                    <AbsDimension x="150" y="25" />
                </Size>
                <Anchors>
                    <Anchor point="TOPLEFT">
                        <Offset>
                            <AbsDimension x="16" y="-247" />
                        </Offset>
                    </Anchor>
                </Anchors>
                <Scripts>
                    <OnClick>RidingForm:Show(); SkillForm:Hide();
</OnClick>
                </Scripts>
                <NormalTexture file="Interface\Buttons\UI-Panel-Button-Up">
                    <TexCoords left="0" right="0.625" top="0" bottom="0.6875" />
                </NormalTexture>
                <PushedTexture file="Interface\Buttons\UI-Panel-Button-Down">
                    <TexCoords left="0" right="0.625" top="0" bottom="0.6875" />
                </PushedTexture>
                <DisabledTexture file="Interface\Buttons\UI-Panel-Button-Disabled">
                    <TexCoords left="0" right="0.625" top="0" bottom="0.6875" />
                </DisabledTexture>
                <HighlightTexture file="Interface\Buttons\UI-Panel-Button-Highlight" alphaMode="ADD">
                    <TexCoords left="0" right="0.625" top="0" bottom="0.6875" />
                </HighlightTexture>
                <ButtonText name="$parentText">
                    <FontHeight>
                        <AbsValue val="10" />
                    </FontHeight>
                </ButtonText>
                <NormalFont inherits="GameFontNormal" font="Fonts\FRIZQT__.TTF">
                    <FontHeight>
                        <AbsValue val="12" />
                    </FontHeight>
                    <Color r="1" g="0.8196079" b="0" />
                    <Shadow>
                        <Color r="0" g="0" b="0" />
                        <Offset>
                            <AbsDimension x="1" y="-1" />
                        </Offset>
                    </Shadow>
                </NormalFont>
                <HighlightFont inherits="GameFontHighlight" font="Fonts\FRIZQT__.TTF">
                    <FontHeight>
                        <AbsValue val="12" />
                    </FontHeight>
                    <Color r="1" g="1" b="1" />
                    <Shadow>
                        <Color r="0" g="0" b="0" />
                        <Offset>
                            <AbsDimension x="1" y="-1" />
                        </Offset>
                    </Shadow>
                </HighlightFont>
                <DisabledFont inherits="GameFontDisable" font="Fonts\FRIZQT__.TTF">
                    <FontHeight>
                        <AbsValue val="12" />
                    </FontHeight>
                    <Color r="0.4980392" g="0.4980392" b="0.4980392" />
                    <Shadow>
                        <Color r="0" g="0" b="0" />
                        <Offset>
                            <AbsDimension x="1" y="-1" />
                        </Offset>
                    </Shadow>
                </DisabledFont>
            </Button>
            <Button name="LearnSkill" text="Learn Skill">
                <!--<FrameSkin skinid="dcb143e1-a4ab-4e7c-b934-1efa40101d21" frameid="2d508884-59c2-4f83-ae10-27aaad48391b" />-->
                <Size>
                    <AbsDimension x="150" y="25" />
                </Size>
                <Anchors>
                    <Anchor point="TOPLEFT">
                        <Offset>
                            <AbsDimension x="16" y="-123" />
                        </Offset>
                    </Anchor>
                </Anchors>
                <Scripts>
                    <OnClick>if SkillNumber:GetNumLetters() &lt; 1 and SkillLvl:GetNumLetters() &lt; 1 and SkillMax:GetNumLetters() &lt; 1 then
UIErrorsFrame:AddMessage("Please complete the required fields!", 1.0, 0.0, 0.0, 53, 2);
else
LearnSkill(); SkillNumber:ClearFocus(); SkillLvl:ClearFocus(); SkillMax:ClearFocus();
end</OnClick>
                </Scripts>
                <NormalTexture file="Interface\Buttons\UI-Panel-Button-Up">
                    <TexCoords left="0" right="0.625" top="0" bottom="0.6875" />
                </NormalTexture>
                <PushedTexture file="Interface\Buttons\UI-Panel-Button-Down">
                    <TexCoords left="0" right="0.625" top="0" bottom="0.6875" />
                </PushedTexture>
                <DisabledTexture file="Interface\Buttons\UI-Panel-Button-Disabled">
                    <TexCoords left="0" right="0.625" top="0" bottom="0.6875" />
                </DisabledTexture>
                <HighlightTexture file="Interface\Buttons\UI-Panel-Button-Highlight" alphaMode="ADD">
                    <TexCoords left="0" right="0.625" top="0" bottom="0.6875" />
                </HighlightTexture>
                <ButtonText name="$parentText">
                    <FontHeight>
                        <AbsValue val="10" />
                    </FontHeight>
                </ButtonText>
                <NormalFont inherits="GameFontNormal" font="Fonts\FRIZQT__.TTF">
                    <FontHeight>
                        <AbsValue val="12" />
                    </FontHeight>
                    <Color r="1" g="0.8196079" b="0" />
                    <Shadow>
                        <Color r="0" g="0" b="0" />
                        <Offset>
                            <AbsDimension x="1" y="-1" />
                        </Offset>
                    </Shadow>
                </NormalFont>
                <HighlightFont inherits="GameFontHighlight" font="Fonts\FRIZQT__.TTF">
                    <FontHeight>
                        <AbsValue val="12" />
                    </FontHeight>
                    <Color r="1" g="1" b="1" />
                    <Shadow>
                        <Color r="0" g="0" b="0" />
                        <Offset>
                            <AbsDimension x="1" y="-1" />
                        </Offset>
                    </Shadow>
                </HighlightFont>
                <DisabledFont inherits="GameFontDisable" font="Fonts\FRIZQT__.TTF">
                    <FontHeight>
                        <AbsValue val="12" />
                    </FontHeight>
                    <Color r="0.4980392" g="0.4980392" b="0.4980392" />
                    <Shadow>
                        <Color r="0" g="0" b="0" />
                        <Offset>
                            <AbsDimension x="1" y="-1" />
                        </Offset>
                    </Shadow>
                </DisabledFont>
            </Button>
            <Button name="UnlearnSkill" text="Unlearn Skill">
                <!--<FrameSkin skinid="dcb143e1-a4ab-4e7c-b934-1efa40101d21" frameid="2d508884-59c2-4f83-ae10-27aaad48391b" />-->
                <Size>
                    <AbsDimension x="150" y="25" />
                </Size>
                <Anchors>
                    <Anchor point="TOPLEFT">
                        <Offset>
                            <AbsDimension x="16" y="-154" />
                        </Offset>
                    </Anchor>
                </Anchors>
                <Scripts>
                    <OnClick>if SkillNumber:GetNumLetters() &lt; 1 then
UIErrorsFrame:AddMessage("Please complete the required fields!", 1.0, 0.0, 0.0, 53, 2);
else
UnLearnSkill(); SkillNumber:ClearFocus(); SkillLvl:ClearFocus(); SkillMax:ClearFocus();
end</OnClick>
                </Scripts>
                <NormalTexture file="Interface\Buttons\UI-Panel-Button-Up">
                    <TexCoords left="0" right="0.625" top="0" bottom="0.6875" />
                </NormalTexture>
                <PushedTexture file="Interface\Buttons\UI-Panel-Button-Down">
                    <TexCoords left="0" right="0.625" top="0" bottom="0.6875" />
                </PushedTexture>
                <DisabledTexture file="Interface\Buttons\UI-Panel-Button-Disabled">
                    <TexCoords left="0" right="0.625" top="0" bottom="0.6875" />
                </DisabledTexture>
                <HighlightTexture file="Interface\Buttons\UI-Panel-Button-Highlight" alphaMode="ADD">
                    <TexCoords left="0" right="0.625" top="0" bottom="0.6875" />
                </HighlightTexture>
                <ButtonText name="$parentText">
                    <FontHeight>
                        <AbsValue val="10" />
                    </FontHeight>
                </ButtonText>
                <NormalFont inherits="GameFontNormal" font="Fonts\FRIZQT__.TTF">
                    <FontHeight>
                        <AbsValue val="12" />
                    </FontHeight>
                    <Color r="1" g="0.8196079" b="0" />
                    <Shadow>
                        <Color r="0" g="0" b="0" />
                        <Offset>
                            <AbsDimension x="1" y="-1" />
                        </Offset>
                    </Shadow>
                </NormalFont>
                <HighlightFont inherits="GameFontHighlight" font="Fonts\FRIZQT__.TTF">
                    <FontHeight>
                        <AbsValue val="12" />
                    </FontHeight>
                    <Color r="1" g="1" b="1" />
                    <Shadow>
                        <Color r="0" g="0" b="0" />
                        <Offset>
                            <AbsDimension x="1" y="-1" />
                        </Offset>
                    </Shadow>
                </HighlightFont>
                <DisabledFont inherits="GameFontDisable" font="Fonts\FRIZQT__.TTF">
                    <FontHeight>
                        <AbsValue val="12" />
                    </FontHeight>
                    <Color r="0.4980392" g="0.4980392" b="0.4980392" />
                    <Shadow>
                        <Color r="0" g="0" b="0" />
                        <Offset>
                            <AbsDimension x="1" y="-1" />
                        </Offset>
                    </Shadow>
                </DisabledFont>
            </Button>
            <Frame name="$parentComponent1">
                <!--<FrameSkin skinid="dcb143e1-a4ab-4e7c-b934-1efa40101d21" frameid="2d508885-59c2-4f83-ae10-27aaad48391b" />-->
                <Size>
                    <AbsDimension x="68" y="18" />
                </Size>
                <Anchors>
                    <Anchor point="TOPLEFT">
                        <Offset>
                            <AbsDimension x="16" y="-76" />
                        </Offset>
                    </Anchor>
                </Anchors>
                <Layers>
                    <Layer>
                        <FontString name="$parentLabel" font="Fonts\FRIZQT__.TTF" text="Skill Level">
                            <Anchors>
                                <Anchor point="TOPLEFT" />
                                <Anchor point="BOTTOMRIGHT" />
                            </Anchors>
                            <FontHeight>
                                <AbsValue val="12" />
                            </FontHeight>
                            <Color r="1" g="0.8196079" b="0" />
                            <Shadow>
                                <Color r="0" g="0" b="0" />
                                <Offset>
                                    <AbsDimension x="1" y="-1" />
                                </Offset>
                            </Shadow>
                        </FontString>
                    </Layer>
                </Layers>
            </Frame>
            <Frame name="$parentComponent2">
                <!--<FrameSkin skinid="dcb143e1-a4ab-4e7c-b934-1efa40101d21" frameid="2d508885-59c2-4f83-ae10-27aaad48391b" />-->
                <Size>
                    <AbsDimension x="76" y="18" />
                </Size>
                <Anchors>
                    <Anchor point="TOPLEFT">
                        <Offset>
                            <AbsDimension x="90" y="-76" />
                        </Offset>
                    </Anchor>
                </Anchors>
                <Layers>
                    <Layer>
                        <FontString name="$parentLabel" font="Fonts\FRIZQT__.TTF" text="Max Level">
                            <Anchors>
                                <Anchor point="TOPLEFT" />
                                <Anchor point="BOTTOMRIGHT" />
                            </Anchors>
                            <FontHeight>
                                <AbsValue val="12" />
                            </FontHeight>
                            <Color r="1" g="0.8196079" b="0" />
                            <Shadow>
                                <Color r="0" g="0" b="0" />
                                <Offset>
                                    <AbsDimension x="1" y="-1" />
                                </Offset>
                            </Shadow>
                        </FontString>
                    </Layer>
                </Layers>
            </Frame>
            <Button name="$parentComponent3" text="Advance All  Skills">
                <!--<FrameSkin skinid="dcb143e1-a4ab-4e7c-b934-1efa40101d21" frameid="2d508884-59c2-4f83-ae10-27aaad48391b" />-->
                <Size>
                    <AbsDimension x="150" y="25" />
                </Size>
                <Anchors>
                    <Anchor point="TOPLEFT">
                        <Offset>
                            <AbsDimension x="16" y="-300" />
                        </Offset>
                    </Anchor>
                </Anchors>
                <Scripts>
                    <OnClick>if SkillsBy:GetNumLetters() &lt; 1 then
UIErrorsFrame:AddMessage("Please complete the required fields!", 1.0, 0.0, 0.0, 53, 2);
else
AdvanceAll(); SkillsBy:ClearFocus();
end</OnClick>
                </Scripts>
                <NormalTexture file="Interface\Buttons\UI-Panel-Button-Up">
                    <TexCoords left="0" right="0.625" top="0" bottom="0.6875" />
                </NormalTexture>
                <PushedTexture file="Interface\Buttons\UI-Panel-Button-Down">
                    <TexCoords left="0" right="0.625" top="0" bottom="0.6875" />
                </PushedTexture>
                <DisabledTexture file="Interface\Buttons\UI-Panel-Button-Disabled">
                    <TexCoords left="0" right="0.625" top="0" bottom="0.6875" />
                </DisabledTexture>
                <HighlightTexture file="Interface\Buttons\UI-Panel-Button-Highlight" alphaMode="ADD">
                    <TexCoords left="0" right="0.625" top="0" bottom="0.6875" />
                </HighlightTexture>
                <ButtonText name="$parentText">
                    <FontHeight>
                        <AbsValue val="10" />
                    </FontHeight>
                </ButtonText>
                <NormalFont inherits="GameFontNormal" font="Fonts\FRIZQT__.TTF">
                    <FontHeight>
                        <AbsValue val="12" />
                    </FontHeight>
                    <Color r="1" g="0.8196079" b="0" />
                    <Shadow>
                        <Color r="0" g="0" b="0" />
                        <Offset>
                            <AbsDimension x="1" y="-1" />
                        </Offset>
                    </Shadow>
                </NormalFont>
                <HighlightFont inherits="GameFontHighlight" font="Fonts\FRIZQT__.TTF">
                    <FontHeight>
                        <AbsValue val="12" />
                    </FontHeight>
                    <Color r="1" g="1" b="1" />
                    <Shadow>
                        <Color r="0" g="0" b="0" />
                        <Offset>
                            <AbsDimension x="1" y="-1" />
                        </Offset>
                    </Shadow>
                </HighlightFont>
                <DisabledFont inherits="GameFontDisable" font="Fonts\FRIZQT__.TTF">
                    <FontHeight>
                        <AbsValue val="12" />
                    </FontHeight>
                    <Color r="0.4980392" g="0.4980392" b="0.4980392" />
                    <Shadow>
                        <Color r="0" g="0" b="0" />
                        <Offset>
                            <AbsDimension x="1" y="-1" />
                        </Offset>
                    </Shadow>
                </DisabledFont>
            </Button>
            <EditBox name="SkillMax" enableMouse="true">
                <!--<FrameSkin skinid="dcb143e1-a4ab-4e7c-b934-1efa40101d21" frameid="2d508887-59c2-4f83-ae10-27aaad48391b" />-->
                <Size>
                    <AbsDimension x="71" y="26" />
                </Size>
                <Anchors>
                    <Anchor point="TOPLEFT">
                        <Offset>
                            <AbsDimension x="95" y="-91" />
                        </Offset>
                    </Anchor>
                </Anchors>
                <Layers>
                    <Layer level="BACKGROUND">
                        <Texture name="$parentLeft" file="Interface\Common\Common-Input-Border">
                            <Size>
                                <AbsDimension x="8" y="20" />
                            </Size>
                            <Anchors>
                                <Anchor point="LEFT" />
                            </Anchors>
                            <TexCoords left="0" right="0.0625" top="0" bottom="0.625" />
                        </Texture>
                        <Texture name="$parentRight" file="Interface\Common\Common-Input-Border">
                            <Size>
                                <AbsDimension x="8" y="20" />
                            </Size>
                            <Anchors>
                                <Anchor point="RIGHT" />
                            </Anchors>
                            <TexCoords left="0.9375" right="1" top="0" bottom="0.625" />
                        </Texture>
                        <Texture name="$parentMiddle" file="Interface\Common\Common-Input-Border">
                            <Size>
                                <AbsDimension x="10" y="20" />
                            </Size>
                            <Anchors>
                                <Anchor point="LEFT" relativeTo="$parentLeft" relativePoint="RIGHT" />
                                <Anchor point="RIGHT" relativeTo="$parentRight" relativePoint="LEFT" />
                            </Anchors>
                            <TexCoords left="0.0625" right="0.9375" top="0" bottom="0.625" />
                        </Texture>
                    </Layer>
                </Layers>
                <Scripts>
                    <OnLoad>this:SetAutoFocus(false);
</OnLoad>
                    <OnEscapePressed>SkillMax:ClearFocus();
</OnEscapePressed>
                    <OnTabPressed>this:ClearFocus();
</OnTabPressed>
                </Scripts>
                <FontString font="Fonts\ARIALN.TTF">
                    <FontHeight>
                        <AbsValue val="14" />
                    </FontHeight>
                    <Color r="1" g="1" b="1" />
                    <Shadow>
                        <Color r="0" g="0" b="0" />
                        <Offset>
                            <AbsDimension x="1" y="-1" />
                        </Offset>
                    </Shadow>
                </FontString>
            </EditBox>
            <EditBox name="SkillsBy" enableMouse="true">
                <!--<FrameSkin skinid="dcb143e1-a4ab-4e7c-b934-1efa40101d21" frameid="2d508887-59c2-4f83-ae10-27aaad48391b" />-->
                <Size>
                    <AbsDimension x="113" y="26" />
                </Size>
                <Anchors>
                    <Anchor point="TOPLEFT">
                        <Offset>
                            <AbsDimension x="53" y="-331" />
                        </Offset>
                    </Anchor>
                </Anchors>
                <Layers>
                    <Layer level="BACKGROUND">
                        <Texture name="$parentLeft" file="Interface\Common\Common-Input-Border">
                            <Size>
                                <AbsDimension x="8" y="20" />
                            </Size>
                            <Anchors>
                                <Anchor point="LEFT" />
                            </Anchors>
                            <TexCoords left="0" right="0.0625" top="0" bottom="0.625" />
                        </Texture>
                        <Texture name="$parentRight" file="Interface\Common\Common-Input-Border">
                            <Size>
                                <AbsDimension x="8" y="20" />
                            </Size>
                            <Anchors>
                                <Anchor point="RIGHT" />
                            </Anchors>
                            <TexCoords left="0.9375" right="1" top="0" bottom="0.625" />
                        </Texture>
                        <Texture name="$parentMiddle" file="Interface\Common\Common-Input-Border">
                            <Size>
                                <AbsDimension x="10" y="20" />
                            </Size>
                            <Anchors>
                                <Anchor point="LEFT" relativeTo="$parentLeft" relativePoint="RIGHT" />
                                <Anchor point="RIGHT" relativeTo="$parentRight" relativePoint="LEFT" />
                            </Anchors>
                            <TexCoords left="0.0625" right="0.9375" top="0" bottom="0.625" />
                        </Texture>
                    </Layer>
                </Layers>
                <Scripts>
                    <OnLoad>this:SetAutoFocus(false);
</OnLoad>
                    <OnEscapePressed>SkillBy:ClearFocus();
</OnEscapePressed>
                    <OnTabPressed>this:ClearFocus();
</OnTabPressed>
                </Scripts>
                <FontString font="Fonts\ARIALN.TTF">
                    <FontHeight>
                        <AbsValue val="14" />
                    </FontHeight>
                    <Color r="1" g="1" b="1" />
                    <Shadow>
                        <Color r="0" g="0" b="0" />
                        <Offset>
                            <AbsDimension x="1" y="-1" />
                        </Offset>
                    </Shadow>
                </FontString>
            </EditBox>
            <Frame name="$parentComponent5">
                <!--<FrameSkin skinid="dcb143e1-a4ab-4e7c-b934-1efa40101d21" frameid="2d508885-59c2-4f83-ae10-27aaad48391b" />-->
                <Size>
                    <AbsDimension x="31" y="26" />
                </Size>
                <Anchors>
                    <Anchor point="TOPLEFT">
                        <Offset>
                            <AbsDimension x="16" y="-331" />
                        </Offset>
                    </Anchor>
                </Anchors>
                <Layers>
                    <Layer>
                        <FontString name="$parentLabel" font="Fonts\FRIZQT__.TTF" text="By:">
                            <Anchors>
                                <Anchor point="TOPLEFT" />
                                <Anchor point="BOTTOMRIGHT" />
                            </Anchors>
                            <FontHeight>
                                <AbsValue val="12" />
                            </FontHeight>
                            <Color r="1" g="0.8196079" b="0" />
                            <Shadow>
                                <Color r="0" g="0" b="0" />
                                <Offset>
                                    <AbsDimension x="1" y="-1" />
                                </Offset>
                            </Shadow>
                        </FontString>
                    </Layer>
                </Layers>
            </Frame>
            <EditBox name="SkillLvl" enableMouse="true">
                <!--<FrameSkin skinid="dcb143e1-a4ab-4e7c-b934-1efa40101d21" frameid="2d508887-59c2-4f83-ae10-27aaad48391b" />-->
                <Size>
                    <AbsDimension x="71" y="26" />
                </Size>
                <Anchors>
                    <Anchor point="TOPLEFT">
                        <Offset>
                            <AbsDimension x="16" y="-91" />
                        </Offset>
                    </Anchor>
                </Anchors>
                <Layers>
                    <Layer level="BACKGROUND">
                        <Texture name="$parentLeft" file="Interface\Common\Common-Input-Border">
                            <Size>
                                <AbsDimension x="8" y="20" />
                            </Size>
                            <Anchors>
                                <Anchor point="LEFT" />
                            </Anchors>
                            <TexCoords left="0" right="0.0625" top="0" bottom="0.625" />
                        </Texture>
                        <Texture name="$parentRight" file="Interface\Common\Common-Input-Border">
                            <Size>
                                <AbsDimension x="8" y="20" />
                            </Size>
                            <Anchors>
                                <Anchor point="RIGHT" />
                            </Anchors>
                            <TexCoords left="0.9375" right="1" top="0" bottom="0.625" />
                        </Texture>
                        <Texture name="$parentMiddle" file="Interface\Common\Common-Input-Border">
                            <Size>
                                <AbsDimension x="10" y="20" />
                            </Size>
                            <Anchors>
                                <Anchor point="LEFT" relativeTo="$parentLeft" relativePoint="RIGHT" />
                                <Anchor point="RIGHT" relativeTo="$parentRight" relativePoint="LEFT" />
                            </Anchors>
                            <TexCoords left="0.0625" right="0.9375" top="0" bottom="0.625" />
                        </Texture>
                    </Layer>
                </Layers>
                <Scripts>
                    <OnLoad>this:SetAutoFocus(false);
</OnLoad>
                    <OnEscapePressed>SkillLevel:ClearFocus();
</OnEscapePressed>
                    <OnTabPressed>this:ClearFocus(); SkillMax:SetFocus();
</OnTabPressed>
                </Scripts>
                <FontString font="Fonts\ARIALN.TTF">
                    <FontHeight>
                        <AbsValue val="14" />
                    </FontHeight>
                    <Color r="1" g="1" b="1" />
                    <Shadow>
                        <Color r="0" g="0" b="0" />
                        <Offset>
                            <AbsDimension x="1" y="-1" />
                        </Offset>
                    </Shadow>
                </FontString>
            </EditBox>
            <Button name="Weapons" text="Weapons">
                <!--<FrameSkin skinid="dcb143e1-a4ab-4e7c-b934-1efa40101d21" frameid="2d508884-59c2-4f83-ae10-27aaad48391b" />-->
                <Size>
                    <AbsDimension x="150" y="25" />
                </Size>
                <Anchors>
                    <Anchor point="TOPLEFT">
                        <Offset>
                            <AbsDimension x="16" y="-216" />
                        </Offset>
                    </Anchor>
                </Anchors>
                <Scripts>
                    <OnClick>WepskForm:Show(); SkillForm:Hide();
</OnClick>
                </Scripts>
                <NormalTexture file="Interface\Buttons\UI-Panel-Button-Up">
                    <TexCoords left="0" right="0.625" top="0" bottom="0.6875" />
                </NormalTexture>
                <PushedTexture file="Interface\Buttons\UI-Panel-Button-Down">
                    <TexCoords left="0" right="0.625" top="0" bottom="0.6875" />
                </PushedTexture>
                <DisabledTexture file="Interface\Buttons\UI-Panel-Button-Disabled">
                    <TexCoords left="0" right="0.625" top="0" bottom="0.6875" />
                </DisabledTexture>
                <HighlightTexture file="Interface\Buttons\UI-Panel-Button-Highlight" alphaMode="ADD">
                    <TexCoords left="0" right="0.625" top="0" bottom="0.6875" />
                </HighlightTexture>
                <ButtonText name="$parentText">
                    <FontHeight>
                        <AbsValue val="10" />
                    </FontHeight>
                </ButtonText>
                <NormalFont inherits="GameFontNormal" font="Fonts\FRIZQT__.TTF">
                    <FontHeight>
                        <AbsValue val="12" />
                    </FontHeight>
                    <Color r="1" g="0.8196079" b="0" />
                    <Shadow>
                        <Color r="0" g="0" b="0" />
                        <Offset>
                            <AbsDimension x="1" y="-1" />
                        </Offset>
                    </Shadow>
                </NormalFont>
                <HighlightFont inherits="GameFontHighlight" font="Fonts\FRIZQT__.TTF">
                    <FontHeight>
                        <AbsValue val="12" />
                    </FontHeight>
                    <Color r="1" g="1" b="1" />
                    <Shadow>
                        <Color r="0" g="0" b="0" />
                        <Offset>
                            <AbsDimension x="1" y="-1" />
                        </Offset>
                    </Shadow>
                </HighlightFont>
                <DisabledFont inherits="GameFontDisable" font="Fonts\FRIZQT__.TTF">
                    <FontHeight>
                        <AbsValue val="12" />
                    </FontHeight>
                    <Color r="0.4980392" g="0.4980392" b="0.4980392" />
                    <Shadow>
                        <Color r="0" g="0" b="0" />
                        <Offset>
                            <AbsDimension x="1" y="-1" />
                        </Offset>
                    </Shadow>
                </DisabledFont>
            </Button>
            <Button name="$parentComponent4" text="Advance Skill Window">
                <!--<FrameSkin skinid="dcb143e1-a4ab-4e7c-b934-1efa40101d21" frameid="2d508884-59c2-4f83-ae10-27aaad48391b" />-->
                <Size>
                    <AbsDimension x="150" y="25" />
                </Size>
                <Anchors>
                    <Anchor point="TOPLEFT">
                        <Offset>
                            <AbsDimension x="16" y="-387" />
                        </Offset>
                    </Anchor>
                </Anchors>
                <Scripts>
                    <OnClick>Skill2Form:Show();SkillForm:Hide();
</OnClick>
                </Scripts>
                <NormalTexture file="Interface\Buttons\UI-Panel-Button-Up">
                    <TexCoords left="0" right="0.625" top="0" bottom="0.6875" />
                </NormalTexture>
                <PushedTexture file="Interface\Buttons\UI-Panel-Button-Down">
                    <TexCoords left="0" right="0.625" top="0" bottom="0.6875" />
                </PushedTexture>
                <DisabledTexture file="Interface\Buttons\UI-Panel-Button-Disabled">
                    <TexCoords left="0" right="0.625" top="0" bottom="0.6875" />
                </DisabledTexture>
                <HighlightTexture file="Interface\Buttons\UI-Panel-Button-Highlight" alphaMode="ADD">
                    <TexCoords left="0" right="0.625" top="0" bottom="0.6875" />
                </HighlightTexture>
                <ButtonText name="$parentText">
                    <FontHeight>
                        <AbsValue val="10" />
                    </FontHeight>
                </ButtonText>
                <NormalFont inherits="GameFontNormal" font="Fonts\FRIZQT__.TTF">
                    <FontHeight>
                        <AbsValue val="12" />
                    </FontHeight>
                    <Color r="1" g="0.8196079" b="0" />
                    <Shadow>
                        <Color r="0" g="0" b="0" />
                        <Offset>
                            <AbsDimension x="1" y="-1" />
                        </Offset>
                    </Shadow>
                </NormalFont>
                <HighlightFont inherits="GameFontHighlight" font="Fonts\FRIZQT__.TTF">
                    <FontHeight>
                        <AbsValue val="12" />
                    </FontHeight>
                    <Color r="1" g="1" b="1" />
                    <Shadow>
                        <Color r="0" g="0" b="0" />
                        <Offset>
                            <AbsDimension x="1" y="-1" />
                        </Offset>
                    </Shadow>
                </HighlightFont>
                <DisabledFont inherits="GameFontDisable" font="Fonts\FRIZQT__.TTF">
                    <FontHeight>
                        <AbsValue val="12" />
                    </FontHeight>
                    <Color r="0.4980392" g="0.4980392" b="0.4980392" />
                    <Shadow>
                        <Color r="0" g="0" b="0" />
                        <Offset>
                            <AbsDimension x="1" y="-1" />
                        </Offset>
                    </Shadow>
                </DisabledFont>
            </Button>
            <Frame name="$parentComponent6">
                <!--<FrameSkin skinid="dcb143e1-a4ab-4e7c-b934-1efa40101d21" frameid="2d508885-59c2-4f83-ae10-27aaad48391b" />-->
                <Size>
                    <AbsDimension x="150" y="18" />
                </Size>
                <Anchors>
                    <Anchor point="TOPLEFT">
                        <Offset>
                            <AbsDimension x="16" y="-363" />
                        </Offset>
                    </Anchor>
                </Anchors>
                <Layers>
                    <Layer>
                        <FontString name="$parentLabel" font="Fonts\FRIZQT__.TTF" text="-----------">
                            <Anchors>
                                <Anchor point="TOPLEFT" />
                                <Anchor point="BOTTOMRIGHT" />
                            </Anchors>
                            <FontHeight>
                                <AbsValue val="12" />
                            </FontHeight>
                            <Color r="1" g="0.8196079" b="0" />
                            <Shadow>
                                <Color r="0" g="0" b="0" />
                                <Offset>
                                    <AbsDimension x="1" y="-1" />
                                </Offset>
                            </Shadow>
                        </FontString>
                    </Layer>
                </Layers>
            </Frame>
        </Frames>
        <Scripts>
            <OnLoad>GMHelperOnLoad()
</OnLoad>
            <OnDragStart>this:StartMoving()
</OnDragStart>
            <OnDragStop>this:StopMovingOrSizing()
</OnDragStop>
        </Scripts>
    </Frame>
</Ui>