<Ui xmlns="http://www.blizzard.com/wow/ui" xmlns:xsi="http://www.w3.org/2001/XMLSchema-instance">
    <!--Autogenerated by wowuides, Version=1.0.300.0, Culture=neutral, PublicKeyToken=null-->
    <Frame name="TeleForm" hidden="true" parent="UIParent" movable="true" resizable="true" enableMouse="true">
        <!--<FrameSkin skinid="dcb143e1-a4ab-4e7c-b934-1efa40101d21" frameid="2d508883-59c2-4f83-ae10-27aaad48391b" />-->
        <Size>
            <AbsDimension x="189" y="498" />
        </Size>
        <Anchors>
            <Anchor point="RIGHT" relativeTo="UIParent">
                <Offset>
                    <AbsDimension x="0" y="0" />
                </Offset>
            </Anchor>
        </Anchors>
        <Backdrop bgFile="Interface\DialogFrame\UI-DialogBox-Background" edgeFile="Interface\DialogFrame\UI-DialogBox-Border" tile="true">
            <BackgroundInsets>
                <AbsInset left="11" right="12" top="12" bottom="11" />
            </BackgroundInsets>
            <TileSize>
                <AbsValue val="32" />
            </TileSize>
            <EdgeSize>
                <AbsValue val="32" />
            </EdgeSize>
        </Backdrop>
        <Layers>
            <Layer>
                <Texture name="$parentTitleBorder" file="Interface\DialogFrame\UI-DialogBox-Header">
                    <Size>
                        <AbsDimension x="160" y="32" />
                    </Size>
                    <Anchors>
                        <Anchor point="TOP">
                            <Offset>
                                <AbsDimension x="0" y="5" />
                            </Offset>
                        </Anchor>
                    </Anchors>
                    <TexCoords left="0.2" right="0.8" top="0" bottom="0.6" />
                </Texture>
                <FontString name="$parentTitleString" font="Fonts\FRIZQT__.TTF" text="Ports">
                    <Size>
                        <AbsDimension x="140" y="0" />
                    </Size>
                    <Anchors>
                        <Anchor point="TOP">
                            <Offset>
                                <AbsDimension x="0" y="-4" />
                            </Offset>
                        </Anchor>
                    </Anchors>
                    <FontHeight>
                        <AbsValue val="12" />
                    </FontHeight>
                    <Color r="1" g="0.8196079" b="0" />
                    <Shadow>
                        <Color r="0" g="0" b="0" />
                        <Offset>
                            <AbsDimension x="1" y="-1" />
                        </Offset>
                    </Shadow>
                </FontString>
            </Layer>
        </Layers>
        <Frames>
            <Frame name="Player">
                <!--<FrameSkin skinid="dcb143e1-a4ab-4e7c-b934-1efa40101d21" frameid="2d508885-59c2-4f83-ae10-27aaad48391b" />-->
                <Size>
                    <AbsDimension x="82" y="15" />
                </Size>
                <Anchors>
                    <Anchor point="TOPLEFT">
                        <Offset>
                            <AbsDimension x="19" y="-37" />
                        </Offset>
                    </Anchor>
                </Anchors>
                <Layers>
                    <Layer>
                        <FontString name="$parentLabel" font="Fonts\FRIZQT__.TTF" text="Player Name">
                            <Anchors>
                                <Anchor point="TOPLEFT" />
                                <Anchor point="BOTTOMRIGHT" />
                            </Anchors>
                            <FontHeight>
                                <AbsValue val="12" />
                            </FontHeight>
                            <Color r="1" g="0.8196079" b="0" />
                            <Shadow>
                                <Color r="0" g="0" b="0" />
                                <Offset>
                                    <AbsDimension x="1" y="-1" />
                                </Offset>
                            </Shadow>
                        </FontString>
                    </Layer>
                </Layers>
            </Frame>
            <Button name="Done" text="Done">
                <!--<FrameSkin skinid="dcb143e1-a4ab-4e7c-b934-1efa40101d21" frameid="2d508884-59c2-4f83-ae10-27aaad48391b" />-->
                <Size>
                    <AbsDimension x="90" y="19" />
                </Size>
                <Anchors>
                    <Anchor point="TOPLEFT">
                        <Offset>
                            <AbsDimension x="48" y="-457" />
                        </Offset>
                    </Anchor>
                </Anchors>
                <Scripts>
                    <OnClick>TeleForm:Hide(); OpenMain(); ToPlayerName:SetText(""); ZoneName:SetText(""); MapID:SetText(""); XCord:SetText(""); YCord:SetText(""); ZCord:SetText("");
</OnClick>
                </Scripts>
                <NormalTexture file="Interface\Buttons\UI-Panel-Button-Up">
                    <TexCoords left="0" right="0.625" top="0" bottom="0.6875" />
                </NormalTexture>
                <PushedTexture file="Interface\Buttons\UI-Panel-Button-Down">
                    <TexCoords left="0" right="0.625" top="0" bottom="0.6875" />
                </PushedTexture>
                <DisabledTexture file="Interface\Buttons\UI-Panel-Button-Disabled">
                    <TexCoords left="0" right="0.625" top="0" bottom="0.6875" />
                </DisabledTexture>
                <HighlightTexture file="Interface\Buttons\UI-Panel-Button-Highlight" alphaMode="ADD">
                    <TexCoords left="0" right="0.625" top="0" bottom="0.6875" />
                </HighlightTexture>
                <ButtonText name="$parentText">
                    <FontHeight>
                        <AbsValue val="10" />
                    </FontHeight>
                </ButtonText>
                <NormalFont inherits="GameFontNormal" font="Fonts\FRIZQT__.TTF">
                    <FontHeight>
                        <AbsValue val="12" />
                    </FontHeight>
                    <Color r="1" g="0.8196079" b="0" />
                    <Shadow>
                        <Color r="0" g="0" b="0" />
                        <Offset>
                            <AbsDimension x="1" y="-1" />
                        </Offset>
                    </Shadow>
                </NormalFont>
                <HighlightFont inherits="GameFontHighlight" font="Fonts\FRIZQT__.TTF">
                    <FontHeight>
                        <AbsValue val="12" />
                    </FontHeight>
                    <Color r="1" g="1" b="1" />
                    <Shadow>
                        <Color r="0" g="0" b="0" />
                        <Offset>
                            <AbsDimension x="1" y="-1" />
                        </Offset>
                    </Shadow>
                </HighlightFont>
                <DisabledFont inherits="GameFontDisable" font="Fonts\FRIZQT__.TTF">
                    <FontHeight>
                        <AbsValue val="12" />
                    </FontHeight>
                    <Color r="0.4980392" g="0.4980392" b="0.4980392" />
                    <Shadow>
                        <Color r="0" g="0" b="0" />
                        <Offset>
                            <AbsDimension x="1" y="-1" />
                        </Offset>
                    </Shadow>
                </DisabledFont>
            </Button>
            <EditBox name="ToPlayerName" enableMouse="true">
                <!--<FrameSkin skinid="dcb143e1-a4ab-4e7c-b934-1efa40101d21" frameid="2d508887-59c2-4f83-ae10-27aaad48391b" />-->
                <Size>
                    <AbsDimension x="150" y="26" />
                </Size>
                <Anchors>
                    <Anchor point="TOPLEFT">
                        <Offset>
                            <AbsDimension x="19" y="-58" />
                        </Offset>
                    </Anchor>
                </Anchors>
                <Layers>
                    <Layer level="BACKGROUND">
                        <Texture name="$parentLeft" file="Interface\Common\Common-Input-Border">
                            <Size>
                                <AbsDimension x="8" y="20" />
                            </Size>
                            <Anchors>
                                <Anchor point="LEFT" />
                            </Anchors>
                            <TexCoords left="0" right="0.0625" top="0" bottom="0.625" />
                        </Texture>
                        <Texture name="$parentRight" file="Interface\Common\Common-Input-Border">
                            <Size>
                                <AbsDimension x="8" y="20" />
                            </Size>
                            <Anchors>
                                <Anchor point="RIGHT" />
                            </Anchors>
                            <TexCoords left="0.9375" right="1" top="0" bottom="0.625" />
                        </Texture>
                        <Texture name="$parentMiddle" file="Interface\Common\Common-Input-Border">
                            <Size>
                                <AbsDimension x="10" y="20" />
                            </Size>
                            <Anchors>
                                <Anchor point="LEFT" relativeTo="$parentLeft" relativePoint="RIGHT" />
                                <Anchor point="RIGHT" relativeTo="$parentRight" relativePoint="LEFT" />
                            </Anchors>
                            <TexCoords left="0.0625" right="0.9375" top="0" bottom="0.625" />
                        </Texture>
                    </Layer>
                </Layers>
                <Scripts>
                    <OnLoad>this:SetAutoFocus(false);
</OnLoad>
                    <OnEscapePressed>ToPlayerName:ClearFocus();
</OnEscapePressed>
                    <OnTabPressed>this:ClearFocus(); ZoneName:SetFocus();
</OnTabPressed>
                </Scripts>
                <FontString font="Fonts\ARIALN.TTF">
                    <FontHeight>
                        <AbsValue val="14" />
                    </FontHeight>
                    <Color r="1" g="1" b="1" />
                    <Shadow>
                        <Color r="0" g="0" b="0" />
                        <Offset>
                            <AbsDimension x="1" y="-1" />
                        </Offset>
                    </Shadow>
                </FontString>
            </EditBox>
            <EditBox name="ZoneName" enableMouse="true">
                <!--<FrameSkin skinid="dcb143e1-a4ab-4e7c-b934-1efa40101d21" frameid="2d508887-59c2-4f83-ae10-27aaad48391b" />-->
                <Size>
                    <AbsDimension x="150" y="26" />
                </Size>
                <Anchors>
                    <Anchor point="TOPLEFT">
                        <Offset>
                            <AbsDimension x="19" y="-111" />
                        </Offset>
                    </Anchor>
                </Anchors>
                <Layers>
                    <Layer level="BACKGROUND">
                        <Texture name="$parentLeft" file="Interface\Common\Common-Input-Border">
                            <Size>
                                <AbsDimension x="8" y="20" />
                            </Size>
                            <Anchors>
                                <Anchor point="LEFT" />
                            </Anchors>
                            <TexCoords left="0" right="0.0625" top="0" bottom="0.625" />
                        </Texture>
                        <Texture name="$parentRight" file="Interface\Common\Common-Input-Border">
                            <Size>
                                <AbsDimension x="8" y="20" />
                            </Size>
                            <Anchors>
                                <Anchor point="RIGHT" />
                            </Anchors>
                            <TexCoords left="0.9375" right="1" top="0" bottom="0.625" />
                        </Texture>
                        <Texture name="$parentMiddle" file="Interface\Common\Common-Input-Border">
                            <Size>
                                <AbsDimension x="10" y="20" />
                            </Size>
                            <Anchors>
                                <Anchor point="LEFT" relativeTo="$parentLeft" relativePoint="RIGHT" />
                                <Anchor point="RIGHT" relativeTo="$parentRight" relativePoint="LEFT" />
                            </Anchors>
                            <TexCoords left="0.0625" right="0.9375" top="0" bottom="0.625" />
                        </Texture>
                    </Layer>
                </Layers>
                <Scripts>
                    <OnLoad>this:SetAutoFocus(false);
</OnLoad>
                    <OnEnterPressed>ZoneName:ClearFocus();Tele()
</OnEnterPressed>
                    <OnEscapePressed>ZoneName:ClearFocus();
</OnEscapePressed>
                    <OnTabPressed>this:ClearFocus();
</OnTabPressed>
                </Scripts>
                <FontString font="Fonts\ARIALN.TTF">
                    <FontHeight>
                        <AbsValue val="14" />
                    </FontHeight>
                    <Color r="1" g="1" b="1" />
                    <Shadow>
                        <Color r="0" g="0" b="0" />
                        <Offset>
                            <AbsDimension x="1" y="-1" />
                        </Offset>
                    </Shadow>
                </FontString>
            </EditBox>
            <Button name="Tele" text="Port">
                <!--<FrameSkin skinid="dcb143e1-a4ab-4e7c-b934-1efa40101d21" frameid="2d508884-59c2-4f83-ae10-27aaad48391b" />-->
                <Size>
                    <AbsDimension x="52" y="25" />
                </Size>
                <Anchors>
                    <Anchor point="TOPLEFT">
                        <Offset>
                            <AbsDimension x="117" y="-174" />
                        </Offset>
                    </Anchor>
                </Anchors>
                <Scripts>
                    <OnClick>if ZoneName:GetNumLetters() &lt; 1 then
UIErrorsFrame:AddMessage("Please enter a location!", 1.0, 0.0, 0.0, 53, 2);
else
ToPlayerName:ClearFocus();
ZoneName:ClearFocus();
MapID:ClearFocus();
XCord:ClearFocus();
YCord:ClearFocus();
ZCord:ClearFocus();
Tele();
end

</OnClick>
                </Scripts>
                <NormalTexture file="Interface\Buttons\UI-Panel-Button-Up">
                    <TexCoords left="0" right="0.625" top="0" bottom="0.6875" />
                </NormalTexture>
                <PushedTexture file="Interface\Buttons\UI-Panel-Button-Down">
                    <TexCoords left="0" right="0.625" top="0" bottom="0.6875" />
                </PushedTexture>
                <DisabledTexture file="Interface\Buttons\UI-Panel-Button-Disabled">
                    <TexCoords left="0" right="0.625" top="0" bottom="0.6875" />
                </DisabledTexture>
                <HighlightTexture file="Interface\Buttons\UI-Panel-Button-Highlight" alphaMode="ADD">
                    <TexCoords left="0" right="0.625" top="0" bottom="0.6875" />
                </HighlightTexture>
                <ButtonText name="$parentText">
                    <FontHeight>
                        <AbsValue val="10" />
                    </FontHeight>
                </ButtonText>
                <NormalFont inherits="GameFontNormal" font="Fonts\FRIZQT__.TTF">
                    <FontHeight>
                        <AbsValue val="12" />
                    </FontHeight>
                    <Color r="1" g="0.8196079" b="0" />
                    <Shadow>
                        <Color r="0" g="0" b="0" />
                        <Offset>
                            <AbsDimension x="1" y="-1" />
                        </Offset>
                    </Shadow>
                </NormalFont>
                <HighlightFont inherits="GameFontHighlight" font="Fonts\FRIZQT__.TTF">
                    <FontHeight>
                        <AbsValue val="12" />
                    </FontHeight>
                    <Color r="1" g="1" b="1" />
                    <Shadow>
                        <Color r="0" g="0" b="0" />
                        <Offset>
                            <AbsDimension x="1" y="-1" />
                        </Offset>
                    </Shadow>
                </HighlightFont>
                <DisabledFont inherits="GameFontDisable" font="Fonts\FRIZQT__.TTF">
                    <FontHeight>
                        <AbsValue val="12" />
                    </FontHeight>
                    <Color r="0.4980392" g="0.4980392" b="0.4980392" />
                    <Shadow>
                        <Color r="0" g="0" b="0" />
                        <Offset>
                            <AbsDimension x="1" y="-1" />
                        </Offset>
                    </Shadow>
                </DisabledFont>
            </Button>
            <Button name="SearchTele" text="List">
                <!--<FrameSkin skinid="dcb143e1-a4ab-4e7c-b934-1efa40101d21" frameid="2d508884-59c2-4f83-ae10-27aaad48391b" />-->
                <Size>
                    <AbsDimension x="92" y="25" />
                </Size>
                <Anchors>
                    <Anchor point="TOPLEFT">
                        <Offset>
                            <AbsDimension x="19" y="-174" />
                        </Offset>
                    </Anchor>
                </Anchors>
                <Scripts>
                    <OnClick>ToPlayerName:ClearFocus();ZoneName:ClearFocus();MapID:ClearFocus();XCord:ClearFocus();YCord:ClearFocus();ZCord:ClearFocus();SearchTele()
</OnClick>
                </Scripts>
                <NormalTexture file="Interface\Buttons\UI-Panel-Button-Up">
                    <TexCoords left="0" right="0.625" top="0" bottom="0.6875" />
                </NormalTexture>
                <PushedTexture file="Interface\Buttons\UI-Panel-Button-Down">
                    <TexCoords left="0" right="0.625" top="0" bottom="0.6875" />
                </PushedTexture>
                <DisabledTexture file="Interface\Buttons\UI-Panel-Button-Disabled">
                    <TexCoords left="0" right="0.625" top="0" bottom="0.6875" />
                </DisabledTexture>
                <HighlightTexture file="Interface\Buttons\UI-Panel-Button-Highlight" alphaMode="ADD">
                    <TexCoords left="0" right="0.625" top="0" bottom="0.6875" />
                </HighlightTexture>
                <ButtonText name="$parentText">
                    <FontHeight>
                        <AbsValue val="10" />
                    </FontHeight>
                </ButtonText>
                <NormalFont inherits="GameFontNormal" font="Fonts\FRIZQT__.TTF">
                    <FontHeight>
                        <AbsValue val="12" />
                    </FontHeight>
                    <Color r="1" g="0.8196079" b="0" />
                    <Shadow>
                        <Color r="0" g="0" b="0" />
                        <Offset>
                            <AbsDimension x="1" y="-1" />
                        </Offset>
                    </Shadow>
                </NormalFont>
                <HighlightFont inherits="GameFontHighlight" font="Fonts\FRIZQT__.TTF">
                    <FontHeight>
                        <AbsValue val="12" />
                    </FontHeight>
                    <Color r="1" g="1" b="1" />
                    <Shadow>
                        <Color r="0" g="0" b="0" />
                        <Offset>
                            <AbsDimension x="1" y="-1" />
                        </Offset>
                    </Shadow>
                </HighlightFont>
                <DisabledFont inherits="GameFontDisable" font="Fonts\FRIZQT__.TTF">
                    <FontHeight>
                        <AbsValue val="12" />
                    </FontHeight>
                    <Color r="0.4980392" g="0.4980392" b="0.4980392" />
                    <Shadow>
                        <Color r="0" g="0" b="0" />
                        <Offset>
                            <AbsDimension x="1" y="-1" />
                        </Offset>
                    </Shadow>
                </DisabledFont>
            </Button>
            <Frame name="$parentComponent4">
                <!--<FrameSkin skinid="dcb143e1-a4ab-4e7c-b934-1efa40101d21" frameid="2d508885-59c2-4f83-ae10-27aaad48391b" />-->
                <Size>
                    <AbsDimension x="82" y="15" />
                </Size>
                <Anchors>
                    <Anchor point="TOPLEFT">
                        <Offset>
                            <AbsDimension x="19" y="-90" />
                        </Offset>
                    </Anchor>
                </Anchors>
                <Layers>
                    <Layer>
                        <FontString name="$parentLabel" font="Fonts\FRIZQT__.TTF" text="Port Name">
                            <Anchors>
                                <Anchor point="TOPLEFT" />
                                <Anchor point="BOTTOMRIGHT" />
                            </Anchors>
                            <FontHeight>
                                <AbsValue val="12" />
                            </FontHeight>
                            <Color r="1" g="0.8196079" b="0" />
                            <Shadow>
                                <Color r="0" g="0" b="0" />
                                <Offset>
                                    <AbsDimension x="1" y="-1" />
                                </Offset>
                            </Shadow>
                        </FontString>
                    </Layer>
                </Layers>
            </Frame>
            <Button name="GoName" text="Appear">
                <!--<FrameSkin skinid="dcb143e1-a4ab-4e7c-b934-1efa40101d21" frameid="2d508884-59c2-4f83-ae10-27aaad48391b" />-->
                <Size>
                    <AbsDimension x="52" y="25" />
                </Size>
                <Anchors>
                    <Anchor point="TOPLEFT">
                        <Offset>
                            <AbsDimension x="117" y="-143" />
                        </Offset>
                    </Anchor>
                </Anchors>
                <Scripts>
                    <OnClick>if ToPlayerName:GetNumLetters() &lt; 1 then
UIErrorsFrame:AddMessage("Please enter a player's name!", 1.0, 0.0, 0.0, 53, 2);
else
ToPlayerName:ClearFocus();ZoneName:ClearFocus();MapID:ClearFocus();XCord:ClearFocus();YCord:ClearFocus();ZCord:ClearFocus();GoName()
end</OnClick>
                </Scripts>
                <NormalTexture file="Interface\Buttons\UI-Panel-Button-Up">
                    <TexCoords left="0" right="0.625" top="0" bottom="0.6875" />
                </NormalTexture>
                <PushedTexture file="Interface\Buttons\UI-Panel-Button-Down">
                    <TexCoords left="0" right="0.625" top="0" bottom="0.6875" />
                </PushedTexture>
                <DisabledTexture file="Interface\Buttons\UI-Panel-Button-Disabled">
                    <TexCoords left="0" right="0.625" top="0" bottom="0.6875" />
                </DisabledTexture>
                <HighlightTexture file="Interface\Buttons\UI-Panel-Button-Highlight" alphaMode="ADD">
                    <TexCoords left="0" right="0.625" top="0" bottom="0.6875" />
                </HighlightTexture>
                <ButtonText name="$parentText">
                    <FontHeight>
                        <AbsValue val="10" />
                    </FontHeight>
                </ButtonText>
                <NormalFont inherits="GameFontNormal" font="Fonts\FRIZQT__.TTF">
                    <FontHeight>
                        <AbsValue val="12" />
                    </FontHeight>
                    <Color r="1" g="0.8196079" b="0" />
                    <Shadow>
                        <Color r="0" g="0" b="0" />
                        <Offset>
                            <AbsDimension x="1" y="-1" />
                        </Offset>
                    </Shadow>
                </NormalFont>
                <HighlightFont inherits="GameFontHighlight" font="Fonts\FRIZQT__.TTF">
                    <FontHeight>
                        <AbsValue val="12" />
                    </FontHeight>
                    <Color r="1" g="1" b="1" />
                    <Shadow>
                        <Color r="0" g="0" b="0" />
                        <Offset>
                            <AbsDimension x="1" y="-1" />
                        </Offset>
                    </Shadow>
                </HighlightFont>
                <DisabledFont inherits="GameFontDisable" font="Fonts\FRIZQT__.TTF">
                    <FontHeight>
                        <AbsValue val="12" />
                    </FontHeight>
                    <Color r="0.4980392" g="0.4980392" b="0.4980392" />
                    <Shadow>
                        <Color r="0" g="0" b="0" />
                        <Offset>
                            <AbsDimension x="1" y="-1" />
                        </Offset>
                    </Shadow>
                </DisabledFont>
            </Button>
            <Button name="NameGo" text="Summon">
                <!--<FrameSkin skinid="dcb143e1-a4ab-4e7c-b934-1efa40101d21" frameid="2d508884-59c2-4f83-ae10-27aaad48391b" />-->
                <Size>
                    <AbsDimension x="92" y="25" />
                </Size>
                <Anchors>
                    <Anchor point="TOPLEFT">
                        <Offset>
                            <AbsDimension x="19" y="-143" />
                        </Offset>
                    </Anchor>
                </Anchors>
                <Scripts>
                    <OnClick>if ToPlayerName:GetNumLetters() &lt; 1 then
UIErrorsFrame:AddMessage("Please enter a player's name!", 1.0, 0.0, 0.0, 53, 2);
else
ToPlayerName:ClearFocus();
ZoneName:ClearFocus();
MapID:ClearFocus();
XCord:ClearFocus();
YCord:ClearFocus();
ZCord:ClearFocus();
NameGo();
end
</OnClick>
                </Scripts>
                <NormalTexture file="Interface\Buttons\UI-Panel-Button-Up">
                    <TexCoords left="0" right="0.625" top="0" bottom="0.6875" />
                </NormalTexture>
                <PushedTexture file="Interface\Buttons\UI-Panel-Button-Down">
                    <TexCoords left="0" right="0.625" top="0" bottom="0.6875" />
                </PushedTexture>
                <DisabledTexture file="Interface\Buttons\UI-Panel-Button-Disabled">
                    <TexCoords left="0" right="0.625" top="0" bottom="0.6875" />
                </DisabledTexture>
                <HighlightTexture file="Interface\Buttons\UI-Panel-Button-Highlight" alphaMode="ADD">
                    <TexCoords left="0" right="0.625" top="0" bottom="0.6875" />
                </HighlightTexture>
                <ButtonText name="$parentText">
                    <FontHeight>
                        <AbsValue val="10" />
                    </FontHeight>
                </ButtonText>
                <NormalFont inherits="GameFontNormal" font="Fonts\FRIZQT__.TTF">
                    <FontHeight>
                        <AbsValue val="12" />
                    </FontHeight>
                    <Color r="1" g="0.8196079" b="0" />
                    <Shadow>
                        <Color r="0" g="0" b="0" />
                        <Offset>
                            <AbsDimension x="1" y="-1" />
                        </Offset>
                    </Shadow>
                </NormalFont>
                <HighlightFont inherits="GameFontHighlight" font="Fonts\FRIZQT__.TTF">
                    <FontHeight>
                        <AbsValue val="12" />
                    </FontHeight>
                    <Color r="1" g="1" b="1" />
                    <Shadow>
                        <Color r="0" g="0" b="0" />
                        <Offset>
                            <AbsDimension x="1" y="-1" />
                        </Offset>
                    </Shadow>
                </HighlightFont>
                <DisabledFont inherits="GameFontDisable" font="Fonts\FRIZQT__.TTF">
                    <FontHeight>
                        <AbsValue val="12" />
                    </FontHeight>
                    <Color r="0.4980392" g="0.4980392" b="0.4980392" />
                    <Shadow>
                        <Color r="0" g="0" b="0" />
                        <Offset>
                            <AbsDimension x="1" y="-1" />
                        </Offset>
                    </Shadow>
                </DisabledFont>
            </Button>
            <EditBox name="MapID" enableMouse="true">
                <!--<FrameSkin skinid="dcb143e1-a4ab-4e7c-b934-1efa40101d21" frameid="2d508887-59c2-4f83-ae10-27aaad48391b" />-->
                <Size>
                    <AbsDimension x="46" y="26" />
                </Size>
                <Anchors>
                    <Anchor point="TOPLEFT">
                        <Offset>
                            <AbsDimension x="123" y="-267" />
                        </Offset>
                    </Anchor>
                </Anchors>
                <Layers>
                    <Layer level="BACKGROUND">
                        <Texture name="$parentLeft" file="Interface\Common\Common-Input-Border">
                            <Size>
                                <AbsDimension x="8" y="20" />
                            </Size>
                            <Anchors>
                                <Anchor point="LEFT" />
                            </Anchors>
                            <TexCoords left="0" right="0.0625" top="0" bottom="0.625" />
                        </Texture>
                        <Texture name="$parentRight" file="Interface\Common\Common-Input-Border">
                            <Size>
                                <AbsDimension x="8" y="20" />
                            </Size>
                            <Anchors>
                                <Anchor point="RIGHT" />
                            </Anchors>
                            <TexCoords left="0.9375" right="1" top="0" bottom="0.625" />
                        </Texture>
                        <Texture name="$parentMiddle" file="Interface\Common\Common-Input-Border">
                            <Size>
                                <AbsDimension x="10" y="20" />
                            </Size>
                            <Anchors>
                                <Anchor point="LEFT" relativeTo="$parentLeft" relativePoint="RIGHT" />
                                <Anchor point="RIGHT" relativeTo="$parentRight" relativePoint="LEFT" />
                            </Anchors>
                            <TexCoords left="0.0625" right="0.9375" top="0" bottom="0.625" />
                        </Texture>
                    </Layer>
                </Layers>
                <Scripts>
                    <OnLoad>this:SetAutoFocus(false);
</OnLoad>
                    <OnEscapePressed>MapID:ClearFocus();
</OnEscapePressed>
                    <OnTabPressed>this:ClearFocus(); XCord:SetFocus();
</OnTabPressed>
                </Scripts>
                <FontString font="Fonts\ARIALN.TTF">
                    <FontHeight>
                        <AbsValue val="14" />
                    </FontHeight>
                    <Color r="1" g="1" b="1" />
                    <Shadow>
                        <Color r="0" g="0" b="0" />
                        <Offset>
                            <AbsDimension x="1" y="-1" />
                        </Offset>
                    </Shadow>
                </FontString>
            </EditBox>
            <Frame name="$parentComponent3">
                <!--<FrameSkin skinid="dcb143e1-a4ab-4e7c-b934-1efa40101d21" frameid="2d508885-59c2-4f83-ae10-27aaad48391b" />-->
                <Size>
                    <AbsDimension x="92" y="15" />
                </Size>
                <Anchors>
                    <Anchor point="TOPLEFT">
                        <Offset>
                            <AbsDimension x="19" y="-267" />
                        </Offset>
                    </Anchor>
                </Anchors>
                <Layers>
                    <Layer>
                        <FontString name="$parentLabel" font="Fonts\FRIZQT__.TTF" text="Map ID">
                            <Anchors>
                                <Anchor point="TOPLEFT" />
                                <Anchor point="BOTTOMRIGHT" />
                            </Anchors>
                            <FontHeight>
                                <AbsValue val="12" />
                            </FontHeight>
                            <Color r="1" g="0.8196079" b="0" />
                            <Shadow>
                                <Color r="0" g="0" b="0" />
                                <Offset>
                                    <AbsDimension x="1" y="-1" />
                                </Offset>
                            </Shadow>
                        </FontString>
                    </Layer>
                </Layers>
            </Frame>
            <EditBox name="XCord" enableMouse="true">
                <!--<FrameSkin skinid="dcb143e1-a4ab-4e7c-b934-1efa40101d21" frameid="2d508887-59c2-4f83-ae10-27aaad48391b" />-->
                <Size>
                    <AbsDimension x="114" y="26" />
                </Size>
                <Anchors>
                    <Anchor point="TOPLEFT">
                        <Offset>
                            <AbsDimension x="55" y="-299" />
                        </Offset>
                    </Anchor>
                </Anchors>
                <Layers>
                    <Layer level="BACKGROUND">
                        <Texture name="$parentLeft" file="Interface\Common\Common-Input-Border">
                            <Size>
                                <AbsDimension x="8" y="20" />
                            </Size>
                            <Anchors>
                                <Anchor point="LEFT" />
                            </Anchors>
                            <TexCoords left="0" right="0.0625" top="0" bottom="0.625" />
                        </Texture>
                        <Texture name="$parentRight" file="Interface\Common\Common-Input-Border">
                            <Size>
                                <AbsDimension x="8" y="20" />
                            </Size>
                            <Anchors>
                                <Anchor point="RIGHT" />
                            </Anchors>
                            <TexCoords left="0.9375" right="1" top="0" bottom="0.625" />
                        </Texture>
                        <Texture name="$parentMiddle" file="Interface\Common\Common-Input-Border">
                            <Size>
                                <AbsDimension x="10" y="20" />
                            </Size>
                            <Anchors>
                                <Anchor point="LEFT" relativeTo="$parentLeft" relativePoint="RIGHT" />
                                <Anchor point="RIGHT" relativeTo="$parentRight" relativePoint="LEFT" />
                            </Anchors>
                            <TexCoords left="0.0625" right="0.9375" top="0" bottom="0.625" />
                        </Texture>
                    </Layer>
                </Layers>
                <Scripts>
                    <OnLoad>this:SetAutoFocus(false);
</OnLoad>
                    <OnEscapePressed>XCord:ClearFocus();
</OnEscapePressed>
                    <OnTabPressed>this:ClearFocus();YCord:SetFocus();
</OnTabPressed>
                </Scripts>
                <FontString font="Fonts\ARIALN.TTF">
                    <FontHeight>
                        <AbsValue val="14" />
                    </FontHeight>
                    <Color r="1" g="1" b="1" />
                    <Shadow>
                        <Color r="0" g="0" b="0" />
                        <Offset>
                            <AbsDimension x="1" y="-1" />
                        </Offset>
                    </Shadow>
                </FontString>
            </EditBox>
            <EditBox name="ZCord" enableMouse="true">
                <!--<FrameSkin skinid="dcb143e1-a4ab-4e7c-b934-1efa40101d21" frameid="2d508887-59c2-4f83-ae10-27aaad48391b" />-->
                <Size>
                    <AbsDimension x="114" y="26" />
                </Size>
                <Anchors>
                    <Anchor point="TOPLEFT">
                        <Offset>
                            <AbsDimension x="55" y="-363" />
                        </Offset>
                    </Anchor>
                </Anchors>
                <Layers>
                    <Layer level="BACKGROUND">
                        <Texture name="$parentLeft" file="Interface\Common\Common-Input-Border">
                            <Size>
                                <AbsDimension x="8" y="20" />
                            </Size>
                            <Anchors>
                                <Anchor point="LEFT" />
                            </Anchors>
                            <TexCoords left="0" right="0.0625" top="0" bottom="0.625" />
                        </Texture>
                        <Texture name="$parentRight" file="Interface\Common\Common-Input-Border">
                            <Size>
                                <AbsDimension x="8" y="20" />
                            </Size>
                            <Anchors>
                                <Anchor point="RIGHT" />
                            </Anchors>
                            <TexCoords left="0.9375" right="1" top="0" bottom="0.625" />
                        </Texture>
                        <Texture name="$parentMiddle" file="Interface\Common\Common-Input-Border">
                            <Size>
                                <AbsDimension x="10" y="20" />
                            </Size>
                            <Anchors>
                                <Anchor point="LEFT" relativeTo="$parentLeft" relativePoint="RIGHT" />
                                <Anchor point="RIGHT" relativeTo="$parentRight" relativePoint="LEFT" />
                            </Anchors>
                            <TexCoords left="0.0625" right="0.9375" top="0" bottom="0.625" />
                        </Texture>
                    </Layer>
                </Layers>
                <Scripts>
                    <OnLoad>this:SetAutoFocus(false);
</OnLoad>
                    <OnEscapePressed>ZCord:ClearFocus();
</OnEscapePressed>
                    <OnTabPressed>this:ClearFocus();
</OnTabPressed>
                </Scripts>
                <FontString font="Fonts\ARIALN.TTF">
                    <FontHeight>
                        <AbsValue val="14" />
                    </FontHeight>
                    <Color r="1" g="1" b="1" />
                    <Shadow>
                        <Color r="0" g="0" b="0" />
                        <Offset>
                            <AbsDimension x="1" y="-1" />
                        </Offset>
                    </Shadow>
                </FontString>
            </EditBox>
            <EditBox name="YCord" enableMouse="true">
                <!--<FrameSkin skinid="dcb143e1-a4ab-4e7c-b934-1efa40101d21" frameid="2d508887-59c2-4f83-ae10-27aaad48391b" />-->
                <Size>
                    <AbsDimension x="114" y="26" />
                </Size>
                <Anchors>
                    <Anchor point="TOPLEFT">
                        <Offset>
                            <AbsDimension x="55" y="-331" />
                        </Offset>
                    </Anchor>
                </Anchors>
                <Layers>
                    <Layer level="BACKGROUND">
                        <Texture name="$parentLeft" file="Interface\Common\Common-Input-Border">
                            <Size>
                                <AbsDimension x="8" y="20" />
                            </Size>
                            <Anchors>
                                <Anchor point="LEFT" />
                            </Anchors>
                            <TexCoords left="0" right="0.0625" top="0" bottom="0.625" />
                        </Texture>
                        <Texture name="$parentRight" file="Interface\Common\Common-Input-Border">
                            <Size>
                                <AbsDimension x="8" y="20" />
                            </Size>
                            <Anchors>
                                <Anchor point="RIGHT" />
                            </Anchors>
                            <TexCoords left="0.9375" right="1" top="0" bottom="0.625" />
                        </Texture>
                        <Texture name="$parentMiddle" file="Interface\Common\Common-Input-Border">
                            <Size>
                                <AbsDimension x="10" y="20" />
                            </Size>
                            <Anchors>
                                <Anchor point="LEFT" relativeTo="$parentLeft" relativePoint="RIGHT" />
                                <Anchor point="RIGHT" relativeTo="$parentRight" relativePoint="LEFT" />
                            </Anchors>
                            <TexCoords left="0.0625" right="0.9375" top="0" bottom="0.625" />
                        </Texture>
                    </Layer>
                </Layers>
                <Scripts>
                    <OnLoad>this:SetAutoFocus(false);
</OnLoad>
                    <OnEscapePressed>YCord:ClearFocus();
</OnEscapePressed>
                    <OnTabPressed>this:ClearFocus(); ZCord:SetFocus();
</OnTabPressed>
                </Scripts>
                <FontString font="Fonts\ARIALN.TTF">
                    <FontHeight>
                        <AbsValue val="14" />
                    </FontHeight>
                    <Color r="1" g="1" b="1" />
                    <Shadow>
                        <Color r="0" g="0" b="0" />
                        <Offset>
                            <AbsDimension x="1" y="-1" />
                        </Offset>
                    </Shadow>
                </FontString>
            </EditBox>
            <Frame name="$parentComponent8">
                <!--<FrameSkin skinid="dcb143e1-a4ab-4e7c-b934-1efa40101d21" frameid="2d508885-59c2-4f83-ae10-27aaad48391b" />-->
                <Size>
                    <AbsDimension x="31" y="15" />
                </Size>
                <Anchors>
                    <Anchor point="TOPLEFT">
                        <Offset>
                            <AbsDimension x="19" y="-363" />
                        </Offset>
                    </Anchor>
                </Anchors>
                <Layers>
                    <Layer>
                        <FontString name="$parentLabel" font="Fonts\FRIZQT__.TTF" text="Z">
                            <Anchors>
                                <Anchor point="TOPLEFT" />
                                <Anchor point="BOTTOMRIGHT" />
                            </Anchors>
                            <FontHeight>
                                <AbsValue val="12" />
                            </FontHeight>
                            <Color r="1" g="0.8196079" b="0" />
                            <Shadow>
                                <Color r="0" g="0" b="0" />
                                <Offset>
                                    <AbsDimension x="1" y="-1" />
                                </Offset>
                            </Shadow>
                        </FontString>
                    </Layer>
                </Layers>
            </Frame>
            <Frame name="$parentComponent10">
                <!--<FrameSkin skinid="dcb143e1-a4ab-4e7c-b934-1efa40101d21" frameid="2d508885-59c2-4f83-ae10-27aaad48391b" />-->
                <Size>
                    <AbsDimension x="30" y="15" />
                </Size>
                <Anchors>
                    <Anchor point="TOPLEFT">
                        <Offset>
                            <AbsDimension x="19" y="-299" />
                        </Offset>
                    </Anchor>
                </Anchors>
                <Layers>
                    <Layer>
                        <FontString name="$parentLabel" font="Fonts\FRIZQT__.TTF" text="X">
                            <Anchors>
                                <Anchor point="TOPLEFT" />
                                <Anchor point="BOTTOMRIGHT" />
                            </Anchors>
                            <FontHeight>
                                <AbsValue val="12" />
                            </FontHeight>
                            <Color r="1" g="0.8196079" b="0" />
                            <Shadow>
                                <Color r="0" g="0" b="0" />
                                <Offset>
                                    <AbsDimension x="1" y="-1" />
                                </Offset>
                            </Shadow>
                        </FontString>
                    </Layer>
                </Layers>
            </Frame>
            <Frame name="$parentComponent11">
                <!--<FrameSkin skinid="dcb143e1-a4ab-4e7c-b934-1efa40101d21" frameid="2d508885-59c2-4f83-ae10-27aaad48391b" />-->
                <Size>
                    <AbsDimension x="30" y="15" />
                </Size>
                <Anchors>
                    <Anchor point="TOPLEFT">
                        <Offset>
                            <AbsDimension x="19" y="-331" />
                        </Offset>
                    </Anchor>
                </Anchors>
                <Layers>
                    <Layer>
                        <FontString name="$parentLabel" font="Fonts\FRIZQT__.TTF" text="Y">
                            <Anchors>
                                <Anchor point="TOPLEFT" />
                                <Anchor point="BOTTOMRIGHT" />
                            </Anchors>
                            <FontHeight>
                                <AbsValue val="12" />
                            </FontHeight>
                            <Color r="1" g="0.8196079" b="0" />
                            <Shadow>
                                <Color r="0" g="0" b="0" />
                                <Offset>
                                    <AbsDimension x="1" y="-1" />
                                </Offset>
                            </Shadow>
                        </FontString>
                    </Layer>
                </Layers>
            </Frame>
            <Button name="$parentComponent12" text="Add">
                <!--<FrameSkin skinid="dcb143e1-a4ab-4e7c-b934-1efa40101d21" frameid="2d508884-59c2-4f83-ae10-27aaad48391b" />-->
                <Size>
                    <AbsDimension x="92" y="25" />
                </Size>
                <Anchors>
                    <Anchor point="TOPLEFT">
                        <Offset>
                            <AbsDimension x="19" y="-205" />
                        </Offset>
                    </Anchor>
                </Anchors>
                <Scripts>
                    <OnClick>if ZoneName:GetNumLetters() &lt; 1 then
UIErrorsFrame:AddMessage("Please enter a name for location!", 1.0, 0.0, 0.0, 53, 2);
else
ToPlayerName:ClearFocus();
ZoneName:ClearFocus();
MapID:ClearFocus();
XCord:ClearFocus();
YCord:ClearFocus();
ZCord:ClearFocus();
AddPort();
end</OnClick>
                </Scripts>
                <NormalTexture file="Interface\Buttons\UI-Panel-Button-Up">
                    <TexCoords left="0" right="0.625" top="0" bottom="0.6875" />
                </NormalTexture>
                <PushedTexture file="Interface\Buttons\UI-Panel-Button-Down">
                    <TexCoords left="0" right="0.625" top="0" bottom="0.6875" />
                </PushedTexture>
                <DisabledTexture file="Interface\Buttons\UI-Panel-Button-Disabled">
                    <TexCoords left="0" right="0.625" top="0" bottom="0.6875" />
                </DisabledTexture>
                <HighlightTexture file="Interface\Buttons\UI-Panel-Button-Highlight" alphaMode="ADD">
                    <TexCoords left="0" right="0.625" top="0" bottom="0.6875" />
                </HighlightTexture>
                <ButtonText name="$parentText">
                    <FontHeight>
                        <AbsValue val="10" />
                    </FontHeight>
                </ButtonText>
                <NormalFont inherits="GameFontNormal" font="Fonts\FRIZQT__.TTF">
                    <FontHeight>
                        <AbsValue val="12" />
                    </FontHeight>
                    <Color r="1" g="0.8196079" b="0" />
                    <Shadow>
                        <Color r="0" g="0" b="0" />
                        <Offset>
                            <AbsDimension x="1" y="-1" />
                        </Offset>
                    </Shadow>
                </NormalFont>
                <HighlightFont inherits="GameFontHighlight" font="Fonts\FRIZQT__.TTF">
                    <FontHeight>
                        <AbsValue val="12" />
                    </FontHeight>
                    <Color r="1" g="1" b="1" />
                    <Shadow>
                        <Color r="0" g="0" b="0" />
                        <Offset>
                            <AbsDimension x="1" y="-1" />
                        </Offset>
                    </Shadow>
                </HighlightFont>
                <DisabledFont inherits="GameFontDisable" font="Fonts\FRIZQT__.TTF">
                    <FontHeight>
                        <AbsValue val="12" />
                    </FontHeight>
                    <Color r="0.4980392" g="0.4980392" b="0.4980392" />
                    <Shadow>
                        <Color r="0" g="0" b="0" />
                        <Offset>
                            <AbsDimension x="1" y="-1" />
                        </Offset>
                    </Shadow>
                </DisabledFont>
            </Button>
            <Button name="$parentComponent13" text="Del">
                <!--<FrameSkin skinid="dcb143e1-a4ab-4e7c-b934-1efa40101d21" frameid="2d508884-59c2-4f83-ae10-27aaad48391b" />-->
                <Size>
                    <AbsDimension x="52" y="25" />
                </Size>
                <Anchors>
                    <Anchor point="TOPLEFT">
                        <Offset>
                            <AbsDimension x="117" y="-205" />
                        </Offset>
                    </Anchor>
                </Anchors>
                <Scripts>
                    <OnClick>if ZoneName:GetNumLetters() &lt; 1 then
UIErrorsFrame:AddMessage("Please enter a location name to delete!", 1.0, 0.0, 0.0, 53, 2);
else
ToPlayerName:ClearFocus();
ZoneName:ClearFocus();
MapID:ClearFocus();
XCord:ClearFocus();
YCord:ClearFocus();
ZCord:ClearFocus();
DelPort();
end
</OnClick>
                </Scripts>
                <NormalTexture file="Interface\Buttons\UI-Panel-Button-Up">
                    <TexCoords left="0" right="0.625" top="0" bottom="0.6875" />
                </NormalTexture>
                <PushedTexture file="Interface\Buttons\UI-Panel-Button-Down">
                    <TexCoords left="0" right="0.625" top="0" bottom="0.6875" />
                </PushedTexture>
                <DisabledTexture file="Interface\Buttons\UI-Panel-Button-Disabled">
                    <TexCoords left="0" right="0.625" top="0" bottom="0.6875" />
                </DisabledTexture>
                <HighlightTexture file="Interface\Buttons\UI-Panel-Button-Highlight" alphaMode="ADD">
                    <TexCoords left="0" right="0.625" top="0" bottom="0.6875" />
                </HighlightTexture>
                <ButtonText name="$parentText">
                    <FontHeight>
                        <AbsValue val="10" />
                    </FontHeight>
                </ButtonText>
                <NormalFont inherits="GameFontNormal" font="Fonts\FRIZQT__.TTF">
                    <FontHeight>
                        <AbsValue val="12" />
                    </FontHeight>
                    <Color r="1" g="0.8196079" b="0" />
                    <Shadow>
                        <Color r="0" g="0" b="0" />
                        <Offset>
                            <AbsDimension x="1" y="-1" />
                        </Offset>
                    </Shadow>
                </NormalFont>
                <HighlightFont inherits="GameFontHighlight" font="Fonts\FRIZQT__.TTF">
                    <FontHeight>
                        <AbsValue val="12" />
                    </FontHeight>
                    <Color r="1" g="1" b="1" />
                    <Shadow>
                        <Color r="0" g="0" b="0" />
                        <Offset>
                            <AbsDimension x="1" y="-1" />
                        </Offset>
                    </Shadow>
                </HighlightFont>
                <DisabledFont inherits="GameFontDisable" font="Fonts\FRIZQT__.TTF">
                    <FontHeight>
                        <AbsValue val="12" />
                    </FontHeight>
                    <Color r="0.4980392" g="0.4980392" b="0.4980392" />
                    <Shadow>
                        <Color r="0" g="0" b="0" />
                        <Offset>
                            <AbsDimension x="1" y="-1" />
                        </Offset>
                    </Shadow>
                </DisabledFont>
            </Button>
            <Button name="$parentComponent9" text="Port Player">
                <!--<FrameSkin skinid="dcb143e1-a4ab-4e7c-b934-1efa40101d21" frameid="2d508884-59c2-4f83-ae10-27aaad48391b" />-->
                <Size>
                    <AbsDimension x="150" y="25" />
                </Size>
                <Anchors>
                    <Anchor point="TOPLEFT">
                        <Offset>
                            <AbsDimension x="19" y="-236" />
                        </Offset>
                    </Anchor>
                </Anchors>
                <Scripts>
                    <OnClick>if ToPlayerName:GetNumLetters() &lt; 1 and ZoneName:GetNumLetters() &lt; 1 then
UIErrorsFrame:AddMessage("Please enter a player and the location's name!", 1.0, 0.0, 0.0, 53, 2);
else
ToPlayerName:ClearFocus();ZoneName:ClearFocus();MapID:ClearFocus();XCord:ClearFocus();YCord:ClearFocus();ZCord:ClearFocus();PortPlayer()
end</OnClick>
                </Scripts>
                <NormalTexture file="Interface\Buttons\UI-Panel-Button-Up">
                    <TexCoords left="0" right="0.625" top="0" bottom="0.6875" />
                </NormalTexture>
                <PushedTexture file="Interface\Buttons\UI-Panel-Button-Down">
                    <TexCoords left="0" right="0.625" top="0" bottom="0.6875" />
                </PushedTexture>
                <DisabledTexture file="Interface\Buttons\UI-Panel-Button-Disabled">
                    <TexCoords left="0" right="0.625" top="0" bottom="0.6875" />
                </DisabledTexture>
                <HighlightTexture file="Interface\Buttons\UI-Panel-Button-Highlight" alphaMode="ADD">
                    <TexCoords left="0" right="0.625" top="0" bottom="0.6875" />
                </HighlightTexture>
                <ButtonText name="$parentText">
                    <FontHeight>
                        <AbsValue val="10" />
                    </FontHeight>
                </ButtonText>
                <NormalFont inherits="GameFontNormal" font="Fonts\FRIZQT__.TTF">
                    <FontHeight>
                        <AbsValue val="12" />
                    </FontHeight>
                    <Color r="1" g="0.8196079" b="0" />
                    <Shadow>
                        <Color r="0" g="0" b="0" />
                        <Offset>
                            <AbsDimension x="1" y="-1" />
                        </Offset>
                    </Shadow>
                </NormalFont>
                <HighlightFont inherits="GameFontHighlight" font="Fonts\FRIZQT__.TTF">
                    <FontHeight>
                        <AbsValue val="12" />
                    </FontHeight>
                    <Color r="1" g="1" b="1" />
                    <Shadow>
                        <Color r="0" g="0" b="0" />
                        <Offset>
                            <AbsDimension x="1" y="-1" />
                        </Offset>
                    </Shadow>
                </HighlightFont>
                <DisabledFont inherits="GameFontDisable" font="Fonts\FRIZQT__.TTF">
                    <FontHeight>
                        <AbsValue val="12" />
                    </FontHeight>
                    <Color r="0.4980392" g="0.4980392" b="0.4980392" />
                    <Shadow>
                        <Color r="0" g="0" b="0" />
                        <Offset>
                            <AbsDimension x="1" y="-1" />
                        </Offset>
                    </Shadow>
                </DisabledFont>
            </Button>
            <Button name="Go" text="World Port">
                <!--<FrameSkin skinid="dcb143e1-a4ab-4e7c-b934-1efa40101d21" frameid="2d508884-59c2-4f83-ae10-27aaad48391b" />-->
                <Size>
                    <AbsDimension x="150" y="25" />
                </Size>
                <Anchors>
                    <Anchor point="TOPLEFT">
                        <Offset>
                            <AbsDimension x="19" y="-426" />
                        </Offset>
                    </Anchor>
                </Anchors>
                <Scripts>
                    <OnClick>if MapID:GetNumLetters() &lt; 1 and XCord:GetNumLetters() &lt; 1 and YCord:GetNumLetters() &lt; 1 and ZCord:GetNumLetters() &lt; 1 then
UIErrorsFrame:AddMessage("Please complete the Map, X, Y, and Z fields!", 1.0, 0.0, 0.0, 53, 2);
else
WorldPort();
MapID:ClearFocus();
XCord:ClearFocus();
YCord:ClearFocus();
ZCord:ClearFocus();
end</OnClick>
                </Scripts>
                <NormalTexture file="Interface\Buttons\UI-Panel-Button-Up">
                    <TexCoords left="0" right="0.625" top="0" bottom="0.6875" />
                </NormalTexture>
                <PushedTexture file="Interface\Buttons\UI-Panel-Button-Down">
                    <TexCoords left="0" right="0.625" top="0" bottom="0.6875" />
                </PushedTexture>
                <DisabledTexture file="Interface\Buttons\UI-Panel-Button-Disabled">
                    <TexCoords left="0" right="0.625" top="0" bottom="0.6875" />
                </DisabledTexture>
                <HighlightTexture file="Interface\Buttons\UI-Panel-Button-Highlight" alphaMode="ADD">
                    <TexCoords left="0" right="0.625" top="0" bottom="0.6875" />
                </HighlightTexture>
                <ButtonText name="$parentText">
                    <FontHeight>
                        <AbsValue val="10" />
                    </FontHeight>
                </ButtonText>
                <NormalFont inherits="GameFontNormal" font="Fonts\FRIZQT__.TTF">
                    <FontHeight>
                        <AbsValue val="12" />
                    </FontHeight>
                    <Color r="1" g="0.8196079" b="0" />
                    <Shadow>
                        <Color r="0" g="0" b="0" />
                        <Offset>
                            <AbsDimension x="1" y="-1" />
                        </Offset>
                    </Shadow>
                </NormalFont>
                <HighlightFont inherits="GameFontHighlight" font="Fonts\FRIZQT__.TTF">
                    <FontHeight>
                        <AbsValue val="12" />
                    </FontHeight>
                    <Color r="1" g="1" b="1" />
                    <Shadow>
                        <Color r="0" g="0" b="0" />
                        <Offset>
                            <AbsDimension x="1" y="-1" />
                        </Offset>
                    </Shadow>
                </HighlightFont>
                <DisabledFont inherits="GameFontDisable" font="Fonts\FRIZQT__.TTF">
                    <FontHeight>
                        <AbsValue val="12" />
                    </FontHeight>
                    <Color r="0.4980392" g="0.4980392" b="0.4980392" />
                    <Shadow>
                        <Color r="0" g="0" b="0" />
                        <Offset>
                            <AbsDimension x="1" y="-1" />
                        </Offset>
                    </Shadow>
                </DisabledFont>
            </Button>
            <Button name="$parentComponent1" text="Get Coords">
                <!--<FrameSkin skinid="dcb143e1-a4ab-4e7c-b934-1efa40101d21" frameid="2d508884-59c2-4f83-ae10-27aaad48391b" />-->
                <Size>
                    <AbsDimension x="150" y="25" />
                </Size>
                <Anchors>
                    <Anchor point="TOPLEFT">
                        <Offset>
                            <AbsDimension x="19" y="-395" />
                        </Offset>
                    </Anchor>
                </Anchors>
                <Scripts>
                    <OnClick>ToPlayerName:ClearFocus();
GPS();
</OnClick>
                </Scripts>
                <NormalTexture file="Interface\Buttons\UI-Panel-Button-Up">
                    <TexCoords left="0" right="0.625" top="0" bottom="0.6875" />
                </NormalTexture>
                <PushedTexture file="Interface\Buttons\UI-Panel-Button-Down">
                    <TexCoords left="0" right="0.625" top="0" bottom="0.6875" />
                </PushedTexture>
                <DisabledTexture file="Interface\Buttons\UI-Panel-Button-Disabled">
                    <TexCoords left="0" right="0.625" top="0" bottom="0.6875" />
                </DisabledTexture>
                <HighlightTexture file="Interface\Buttons\UI-Panel-Button-Highlight" alphaMode="ADD">
                    <TexCoords left="0" right="0.625" top="0" bottom="0.6875" />
                </HighlightTexture>
                <ButtonText name="$parentText">
                    <FontHeight>
                        <AbsValue val="10" />
                    </FontHeight>
                </ButtonText>
                <NormalFont inherits="GameFontNormal" font="Fonts\FRIZQT__.TTF">
                    <FontHeight>
                        <AbsValue val="12" />
                    </FontHeight>
                    <Color r="1" g="0.8196079" b="0" />
                    <Shadow>
                        <Color r="0" g="0" b="0" />
                        <Offset>
                            <AbsDimension x="1" y="-1" />
                        </Offset>
                    </Shadow>
                </NormalFont>
                <HighlightFont inherits="GameFontHighlight" font="Fonts\FRIZQT__.TTF">
                    <FontHeight>
                        <AbsValue val="12" />
                    </FontHeight>
                    <Color r="1" g="1" b="1" />
                    <Shadow>
                        <Color r="0" g="0" b="0" />
                        <Offset>
                            <AbsDimension x="1" y="-1" />
                        </Offset>
                    </Shadow>
                </HighlightFont>
                <DisabledFont inherits="GameFontDisable" font="Fonts\FRIZQT__.TTF">
                    <FontHeight>
                        <AbsValue val="12" />
                    </FontHeight>
                    <Color r="0.4980392" g="0.4980392" b="0.4980392" />
                    <Shadow>
                        <Color r="0" g="0" b="0" />
                        <Offset>
                            <AbsDimension x="1" y="-1" />
                        </Offset>
                    </Shadow>
                </DisabledFont>
            </Button>
        </Frames>
        <Scripts>
            <OnLoad>GMHelperOnLoad()
</OnLoad>
            <OnDragStart>this:StartMoving()
</OnDragStart>
            <OnDragStop>this:StopMovingOrSizing()
</OnDragStop>
        </Scripts>
    </Frame>
</Ui>