<Ui xmlns="http://www.blizzard.com/wow/ui" xmlns:xsi="http://www.w3.org/2001/XMLSchema-instance">
    <!--Autogenerated by wowuides, Version=1.0.300.0, Culture=neutral, PublicKeyToken=null-->
    <Frame name="TicketShowForm" hidden="true">
        <!--<FrameSkin skinid="dcb143e1-a4ab-4e7c-b934-1efa40101d21" frameid="2d508883-59c2-4f83-ae10-27aaad48391b" />-->
        <Size>
            <AbsDimension x="725" y="371" />
        </Size>
        <Anchors>
            <Anchor point="CENTER" relativeTo="UIParent">
                <Offset>
                    <AbsDimension x="0" y="0" />
                </Offset>
            </Anchor>
        </Anchors>
        <Backdrop bgFile="Interface\DialogFrame\UI-DialogBox-Background" edgeFile="Interface\DialogFrame\UI-DialogBox-Border" tile="true">
            <BackgroundInsets>
                <AbsInset left="11" right="12" top="12" bottom="11" />
            </BackgroundInsets>
            <TileSize>
                <AbsValue val="32" />
            </TileSize>
            <EdgeSize>
                <AbsValue val="32" />
            </EdgeSize>
        </Backdrop>
        <Layers>
            <Layer>
                <Texture name="$parentTitleBorder" file="Interface\DialogFrame\UI-DialogBox-Header">
                    <Size>
                        <AbsDimension x="160" y="32" />
                    </Size>
                    <Anchors>
                        <Anchor point="TOP">
                            <Offset>
                                <AbsDimension x="0" y="5" />
                            </Offset>
                        </Anchor>
                    </Anchors>
                    <TexCoords left="0.2" right="0.8" top="0" bottom="0.6" />
                </Texture>
                <FontString name="$parentTitleString" font="Fonts\FRIZQT__.TTF" text="Ticket Buddy">
                    <Size>
                        <AbsDimension x="140" y="0" />
                    </Size>
                    <Anchors>
                        <Anchor point="TOP">
                            <Offset>
                                <AbsDimension x="0" y="-4" />
                            </Offset>
                        </Anchor>
                    </Anchors>
                    <FontHeight>
                        <AbsValue val="12" />
                    </FontHeight>
                    <Color r="1" g="0.8196079" b="0" />
                    <Shadow>
                        <Color r="0" g="0" b="0" />
                        <Offset>
                            <AbsDimension x="1" y="-1" />
                        </Offset>
                    </Shadow>
                </FontString>
            </Layer>
        </Layers>
        <Frames>
            <Button name="$parentButton1" text="Refresh">
                <!--<FrameSkin skinid="dcb143e1-a4ab-4e7c-b934-1efa40101d21" frameid="2d508884-59c2-4f83-ae10-27aaad48391b" />-->
                <Size>
                    <AbsDimension x="100" y="22" />
                </Size>
                <Anchors>
                    <Anchor point="TOPLEFT">
                        <Offset>
                            <AbsDimension x="29" y="-327" />
                        </Offset>
                    </Anchor>
                </Anchors>
                <Scripts>
                    <OnClick>outSAY(".ticket");
tB_Reset();
</OnClick>
                </Scripts>
                <NormalTexture file="Interface\Buttons\UI-Panel-Button-Up">
                    <TexCoords left="0" right="0.625" top="0" bottom="0.6875" />
                </NormalTexture>
                <PushedTexture file="Interface\Buttons\UI-Panel-Button-Down">
                    <TexCoords left="0" right="0.625" top="0" bottom="0.6875" />
                </PushedTexture>
                <DisabledTexture file="Interface\Buttons\UI-Panel-Button-Disabled">
                    <TexCoords left="0" right="0.625" top="0" bottom="0.6875" />
                </DisabledTexture>
                <HighlightTexture file="Interface\Buttons\UI-Panel-Button-Highlight" alphaMode="ADD">
                    <TexCoords left="0" right="0.625" top="0" bottom="0.6875" />
                </HighlightTexture>
                <ButtonText name="$parentText">
                    <FontHeight>
                        <AbsValue val="10" />
                    </FontHeight>
                </ButtonText>
                <NormalFont inherits="GameFontNormal" font="Fonts\FRIZQT__.TTF">
                    <FontHeight>
                        <AbsValue val="12" />
                    </FontHeight>
                    <Color r="1" g="0.8196079" b="0" />
                    <Shadow>
                        <Color r="0" g="0" b="0" />
                        <Offset>
                            <AbsDimension x="1" y="-1" />
                        </Offset>
                    </Shadow>
                </NormalFont>
                <HighlightFont inherits="GameFontHighlight" font="Fonts\FRIZQT__.TTF">
                    <FontHeight>
                        <AbsValue val="12" />
                    </FontHeight>
                    <Color r="1" g="1" b="1" />
                    <Shadow>
                        <Color r="0" g="0" b="0" />
                        <Offset>
                            <AbsDimension x="1" y="-1" />
                        </Offset>
                    </Shadow>
                </HighlightFont>
                <DisabledFont inherits="GameFontDisable" font="Fonts\FRIZQT__.TTF">
                    <FontHeight>
                        <AbsValue val="12" />
                    </FontHeight>
                    <Color r="0.4980392" g="0.4980392" b="0.4980392" />
                    <Shadow>
                        <Color r="0" g="0" b="0" />
                        <Offset>
                            <AbsDimension x="1" y="-1" />
                        </Offset>
                    </Shadow>
                </DisabledFont>
            </Button>
            <Frame name="lblNoTicket">
                <!--<FrameSkin skinid="dcb143e1-a4ab-4e7c-b934-1efa40101d21" frameid="2d508885-59c2-4f83-ae10-27aaad48391b" />-->
                <Size>
                    <AbsDimension x="203" y="22" />
                </Size>
                <Anchors>
                    <Anchor point="TOPLEFT">
                        <Offset>
                            <AbsDimension x="29" y="-159" />
                        </Offset>
                    </Anchor>
                </Anchors>
                <Layers>
                    <Layer>
                        <FontString name="$parentLabel" font="Fonts\FRIZQT__.TTF" text="No Tickets">
                            <Anchors>
                                <Anchor point="TOPLEFT" />
                                <Anchor point="BOTTOMRIGHT" />
                            </Anchors>
                            <FontHeight>
                                <AbsValue val="12" />
                            </FontHeight>
                            <Color r="1" g="0.8196079" b="0" />
                            <Shadow>
                                <Color r="0" g="0" b="0" />
                                <Offset>
                                    <AbsDimension x="1" y="-1" />
                                </Offset>
                            </Shadow>
                        </FontString>
                    </Layer>
                </Layers>
            </Frame>
            <Frame name="lblTBCat">
                <!--<FrameSkin skinid="dcb143e1-a4ab-4e7c-b934-1efa40101d21" frameid="2d508885-59c2-4f83-ae10-27aaad48391b" />-->
                <Size>
                    <AbsDimension x="292" y="18" />
                </Size>
                <Anchors>
                    <Anchor point="TOPLEFT">
                        <Offset>
                            <AbsDimension x="396" y="-47" />
                        </Offset>
                    </Anchor>
                </Anchors>
                <Layers>
                    <Layer>
                        <FontString name="$parentLabel" font="Fonts\FRIZQT__.TTF" text="Catagory" justifyH="LEFT">
                            <Anchors>
                                <Anchor point="TOPLEFT" />
                                <Anchor point="BOTTOMRIGHT" />
                            </Anchors>
                            <FontHeight>
                                <AbsValue val="12" />
                            </FontHeight>
                            <Color r="1" g="0.8196079" b="0" />
                            <Shadow>
                                <Color r="0" g="0" b="0" />
                                <Offset>
                                    <AbsDimension x="1" y="-1" />
                                </Offset>
                            </Shadow>
                        </FontString>
                    </Layer>
                </Layers>
            </Frame>
            <ScrollFrame name="EBoxProb">
                <!--<FrameSkin skinid="dcb143e1-a4ab-4e7c-b934-1efa40101d21" frameid="7f06b3a2-fe45-40e8-9284-4754c6a3c9fb" />-->
                <Size>
                    <AbsDimension x="384" y="85" />
                </Size>
                <Anchors>
                    <Anchor point="TOPLEFT">
                        <Offset>
                            <AbsDimension x="283" y="-75" />
                        </Offset>
                    </Anchor>
                </Anchors>
                <Frames>
                    <Slider name="$parentScrollBar">
                        <Size>
                            <AbsDimension x="16" y="0" />
                        </Size>
                        <Anchors>
                            <Anchor point="TOPLEFT" relativePoint="TOPRIGHT">
                                <Offset>
                                    <AbsDimension x="6" y="-16" />
                                </Offset>
                            </Anchor>
                            <Anchor point="BOTTOMLEFT" relativePoint="BOTTOMRIGHT">
                                <Offset>
                                    <AbsDimension x="6" y="16" />
                                </Offset>
                            </Anchor>
                        </Anchors>
                        <Frames>
                            <Button name="$parentScrollUpButton">
                                <Size>
                                    <AbsDimension x="16" y="16" />
                                </Size>
                                <Anchors>
                                    <Anchor point="BOTTOM" relativePoint="TOP" />
                                </Anchors>
                                <Scripts>
                                    <OnClick>
						local parent = this:GetParent();
						parent:SetValue(parent:GetValue() - (parent:GetHeight() / 2));
						PlaySound("UChatScrollButton");
					</OnClick>
                                </Scripts>
                                <NormalTexture file="Interface\Buttons\UI-ScrollBar-ScrollUpButton-Up">
                                    <TexCoords left="0.25" right="0.75" top="0.25" bottom="0.75" />
                                </NormalTexture>
                                <PushedTexture file="Interface\Buttons\UI-ScrollBar-ScrollUpButton-Down">
                                    <TexCoords left="0.25" right="0.75" top="0.25" bottom="0.75" />
                                </PushedTexture>
                                <DisabledTexture file="Interface\Buttons\UI-ScrollBar-ScrollUpButton-Disabled">
                                    <TexCoords left="0.25" right="0.75" top="0.25" bottom="0.75" />
                                </DisabledTexture>
                                <HighlightTexture file="Interface\Buttons\UI-ScrollBar-ScrollUpButton-Highlight" alphaMode="ADD">
                                    <TexCoords left="0.25" right="0.75" top="0.25" bottom="0.75" />
                                </HighlightTexture>
                            </Button>
                            <Button name="$parentScrollDownButton">
                                <Size>
                                    <AbsDimension x="16" y="16" />
                                </Size>
                                <Anchors>
                                    <Anchor point="TOP" relativePoint="BOTTOM" />
                                </Anchors>
                                <Scripts>
                                    <OnClick>
						local parent = this:GetParent();
						parent:SetValue(parent:GetValue() + (parent:GetHeight() / 2));
						PlaySound("UChatScrollButton");
					</OnClick>
                                </Scripts>
                                <NormalTexture file="Interface\Buttons\UI-ScrollBar-ScrollDownButton-Up">
                                    <TexCoords left="0.25" right="0.75" top="0.25" bottom="0.75" />
                                </NormalTexture>
                                <PushedTexture file="Interface\Buttons\UI-ScrollBar-ScrollDownButton-Down">
                                    <TexCoords left="0.25" right="0.75" top="0.25" bottom="0.75" />
                                </PushedTexture>
                                <DisabledTexture file="Interface\Buttons\UI-ScrollBar-ScrollDownButton-Disabled">
                                    <TexCoords left="0.25" right="0.75" top="0.25" bottom="0.75" />
                                </DisabledTexture>
                                <HighlightTexture file="Interface\Buttons\UI-ScrollBar-ScrollDownButton-Highlight" alphaMode="ADD">
                                    <TexCoords left="0.25" right="0.75" top="0.25" bottom="0.75" />
                                </HighlightTexture>
                            </Button>
                        </Frames>
                        <Scripts>
                            <OnValueChanged>
				this:GetParent():SetVerticalScroll(arg1);
			</OnValueChanged>
                        </Scripts>
                        <ThumbTexture name="$parentThumbTexture" file="Interface\Buttons\UI-ScrollBar-Knob">
                            <Size>
                                <AbsDimension x="16" y="24" />
                            </Size>
                            <TexCoords left="0.25" right="0.75" top="0.125" bottom="0.875" />
                        </ThumbTexture>
                    </Slider>
                </Frames>
                <Scripts>
                    <OnLoad>ScrollFrame_OnLoad();
</OnLoad>
                    <OnMouseWheel>ScrollFrameTemplate_OnMouseWheel(arg1);
</OnMouseWheel>
                    <OnVerticalScroll>local scrollbar = getglobal(this:GetName().."ScrollBar");
scrollbar:SetValue(arg1);
local min;
local max;
min, max = scrollbar:GetMinMaxValues();
if ( arg1 == 0 ) then
getglobal(scrollbar:GetName().."ScrollUpButton"):Disable();
else
getglobal(scrollbar:GetName().."ScrollUpButton"):Enable();
end
if ((scrollbar:GetValue() - max) == 0) then
getglobal(scrollbar:GetName().."ScrollDownButton"):Disable();
else
getglobal(scrollbar:GetName().."ScrollDownButton"):Enable();
end
</OnVerticalScroll>
                    <OnScrollRangeChanged>ScrollFrame_OnScrollRangeChanged(arg2);
</OnScrollRangeChanged>
                </Scripts>
                <ScrollChild>
                    <EditBox name="$parentEdit" enableMouse="true" multiLine="true">
                        <Size>
                            <AbsDimension x="384" y="85" />
                        </Size>
                        <Scripts>
                            <OnUpdate>
						ScrollingEdit_OnUpdate(null);
					</OnUpdate>
                            <OnTextChanged>
						ScrollingEdit_OnTextChanged(null);
					</OnTextChanged>
                            <OnCursorChanged>
						ScrollingEdit_OnCursorChanged(arg1,arg2,arg3,arg4);
					</OnCursorChanged>
                        </Scripts>
                        <FontString font="Fonts\ARIALN.TTF">
                            <FontHeight>
                                <AbsValue val="14" />
                            </FontHeight>
                            <Color r="1" g="1" b="1" />
                            <Shadow>
                                <Color r="0" g="0" b="0" />
                                <Offset>
                                    <AbsDimension x="1" y="-1" />
                                </Offset>
                            </Shadow>
                        </FontString>
                    </EditBox>
                </ScrollChild>
            </ScrollFrame>
            <Frame name="lblTBName">
                <!--<FrameSkin skinid="dcb143e1-a4ab-4e7c-b934-1efa40101d21" frameid="2d508885-59c2-4f83-ae10-27aaad48391b" />-->
                <Size>
                    <AbsDimension x="96" y="18" />
                </Size>
                <Anchors>
                    <Anchor point="TOPLEFT">
                        <Offset>
                            <AbsDimension x="283" y="-47" />
                        </Offset>
                    </Anchor>
                </Anchors>
                <Layers>
                    <Layer>
                        <FontString name="$parentLabel" font="Fonts\FRIZQT__.TTF" text="Name" justifyH="LEFT">
                            <Anchors>
                                <Anchor point="TOPLEFT" />
                                <Anchor point="BOTTOMRIGHT" />
                            </Anchors>
                            <FontHeight>
                                <AbsValue val="12" />
                            </FontHeight>
                            <Color r="1" g="0.8196079" b="0" />
                            <Shadow>
                                <Color r="0" g="0" b="0" />
                                <Offset>
                                    <AbsDimension x="1" y="-1" />
                                </Offset>
                            </Shadow>
                        </FontString>
                    </Layer>
                </Layers>
            </Frame>
            <Button name="BTNDel" text="Delete">
                <!--<FrameSkin skinid="f15d4970-d66d-444e-bb2d-1ad102c87fed" frameid="f15d4973-d66d-444e-bb2d-1ad102c87fed" />-->
                <Size>
                    <AbsDimension x="100" y="22" />
                </Size>
                <Anchors>
                    <Anchor point="TOPLEFT">
                        <Offset>
                            <AbsDimension x="283" y="-327" />
                        </Offset>
                    </Anchor>
                </Anchors>
                <Scripts>
                    <OnClick>tb_Del();
</OnClick>
                </Scripts>
                <NormalTexture file="Interface\Buttons\UI-Panel-Button-Up">
                    <TexCoords left="0" right="0.625" top="0" bottom="0.6875" />
                </NormalTexture>
                <PushedTexture file="Interface\Buttons\UI-Panel-Button-Down">
                    <TexCoords left="0" right="0.625" top="0" bottom="0.6875" />
                </PushedTexture>
                <DisabledTexture file="Interface\Buttons\UI-Panel-Button-Disabled">
                    <TexCoords left="0" right="0.625" top="0" bottom="0.6875" />
                </DisabledTexture>
                <HighlightTexture file="Interface\Buttons\UI-Panel-Button-Highlight" alphaMode="ADD">
                    <TexCoords left="0" right="0.625" top="0" bottom="0.6875" />
                </HighlightTexture>
                <ButtonText name="$parentText">
                    <FontHeight>
                        <AbsValue val="10" />
                    </FontHeight>
                </ButtonText>
                <NormalFont inherits="GameFontNormal" font="Fonts\FRIZQT__.TTF">
                    <FontHeight>
                        <AbsValue val="12" />
                    </FontHeight>
                    <Color r="1" g="0.8196079" b="0" />
                    <Shadow>
                        <Color r="0" g="0" b="0" />
                        <Offset>
                            <AbsDimension x="1" y="-1" />
                        </Offset>
                    </Shadow>
                </NormalFont>
                <HighlightFont inherits="GameFontHighlight" font="Fonts\FRIZQT__.TTF">
                    <FontHeight>
                        <AbsValue val="12" />
                    </FontHeight>
                    <Color r="1" g="1" b="1" />
                    <Shadow>
                        <Color r="0" g="0" b="0" />
                        <Offset>
                            <AbsDimension x="1" y="-1" />
                        </Offset>
                    </Shadow>
                </HighlightFont>
                <DisabledFont inherits="GameFontDisable" font="Fonts\FRIZQT__.TTF">
                    <FontHeight>
                        <AbsValue val="12" />
                    </FontHeight>
                    <Color r="0.4901961" g="0.4901961" b="0.4901961" />
                    <Shadow>
                        <Color r="0" g="0" b="0" />
                        <Offset>
                            <AbsDimension x="1" y="-1" />
                        </Offset>
                    </Shadow>
                </DisabledFont>
                <PushedTextOffset x="0" y="0" />
            </Button>
            <Button name="BTNTB1" hidden="true" text="Ticket Pos 1">
                <!--<FrameSkin skinid="f15d4970-d66d-444e-bb2d-1ad102c87fed" frameid="f15d4973-d66d-444e-bb2d-1ad102c87fed" />-->
                <Size>
                    <AbsDimension x="203" y="22" />
                </Size>
                <Anchors>
                    <Anchor point="TOPLEFT">
                        <Offset>
                            <AbsDimension x="29" y="-47" />
                        </Offset>
                    </Anchor>
                </Anchors>
                <Scripts>
                    <OnClick>tB_ShowTicket(1);
</OnClick>
                </Scripts>
                <HighlightTexture file="interface\spellbook\ui-spellbookpanel-tab-highlight" alphaMode="ADD">
                    <TexCoords left="0" right="1" top="0.25" bottom="0.7" />
                </HighlightTexture>
                <ButtonText name="$parentText">
                    <FontHeight>
                        <AbsValue val="10" />
                    </FontHeight>
                </ButtonText>
                <NormalFont inherits="GameFontNormal" font="Fonts\FRIZQT__.TTF">
                    <FontHeight>
                        <AbsValue val="12" />
                    </FontHeight>
                    <Color r="1" g="0.8196079" b="0" />
                    <Shadow>
                        <Color r="0" g="0" b="0" />
                        <Offset>
                            <AbsDimension x="1" y="-1" />
                        </Offset>
                    </Shadow>
                </NormalFont>
                <HighlightFont inherits="GameFontHighlight" font="Fonts\FRIZQT__.TTF">
                    <FontHeight>
                        <AbsValue val="12" />
                    </FontHeight>
                    <Color r="1" g="1" b="1" />
                    <Shadow>
                        <Color r="0" g="0" b="0" />
                        <Offset>
                            <AbsDimension x="1" y="-1" />
                        </Offset>
                    </Shadow>
                </HighlightFont>
                <DisabledFont inherits="GameFontDisable" font="Fonts\FRIZQT__.TTF">
                    <FontHeight>
                        <AbsValue val="12" />
                    </FontHeight>
                    <Color r="0.4901961" g="0.4901961" b="0.4901961" />
                    <Shadow>
                        <Color r="0" g="0" b="0" />
                        <Offset>
                            <AbsDimension x="1" y="-1" />
                        </Offset>
                    </Shadow>
                </DisabledFont>
                <PushedTextOffset x="0" y="0" />
            </Button>
            <Button name="BTNTBUp" hidden="true">
                <!--<FrameSkin skinid="f15d4970-d66d-444e-bb2d-1ad102c87fed" frameid="f15d4973-d66d-444e-bb2d-1ad102c87fed" />-->
                <Size>
                    <AbsDimension x="22" y="22" />
                </Size>
                <Anchors>
                    <Anchor point="TOPLEFT">
                        <Offset>
                            <AbsDimension x="251" y="-47" />
                        </Offset>
                    </Anchor>
                </Anchors>
                <Scripts>
                    <OnClick>tB_Up();
</OnClick>
                </Scripts>
                <NormalTexture file="interface\chatframe\ui-chaticon-scrollup-up">
                    <TexCoords left="0" right="0.9" top="0" bottom="0.85" />
                </NormalTexture>
                <PushedTexture file="interface\chatframe\ui-chaticon-scrollup-down">
                    <TexCoords left="0" right="0.9" top="0" bottom="0.85" />
                </PushedTexture>
                <DisabledTexture file="Interface\Buttons\UI-Panel-Button-Disabled">
                    <TexCoords left="0" right="0.625" top="0" bottom="0.6875" />
                </DisabledTexture>
                <HighlightTexture file="interface\chatframe\ui-chaticon-blinkhilight" alphaMode="ADD">
                    <TexCoords left="0" right="0.9" top="0" bottom="0.85" />
                </HighlightTexture>
                <ButtonText name="$parentText">
                    <FontHeight>
                        <AbsValue val="10" />
                    </FontHeight>
                </ButtonText>
                <NormalFont inherits="GameFontNormal" font="Fonts\FRIZQT__.TTF">
                    <FontHeight>
                        <AbsValue val="12" />
                    </FontHeight>
                    <Color r="1" g="0.8196079" b="0" />
                    <Shadow>
                        <Color r="0" g="0" b="0" />
                        <Offset>
                            <AbsDimension x="1" y="-1" />
                        </Offset>
                    </Shadow>
                </NormalFont>
                <HighlightFont inherits="GameFontHighlight" font="Fonts\FRIZQT__.TTF">
                    <FontHeight>
                        <AbsValue val="12" />
                    </FontHeight>
                    <Color r="1" g="1" b="1" />
                    <Shadow>
                        <Color r="0" g="0" b="0" />
                        <Offset>
                            <AbsDimension x="1" y="-1" />
                        </Offset>
                    </Shadow>
                </HighlightFont>
                <DisabledFont inherits="GameFontDisable" font="Fonts\FRIZQT__.TTF">
                    <FontHeight>
                        <AbsValue val="12" />
                    </FontHeight>
                    <Color r="0.4901961" g="0.4901961" b="0.4901961" />
                    <Shadow>
                        <Color r="0" g="0" b="0" />
                        <Offset>
                            <AbsDimension x="1" y="-1" />
                        </Offset>
                    </Shadow>
                </DisabledFont>
                <PushedTextOffset x="0" y="0" />
            </Button>
            <Button name="BTNTBDown" hidden="true">
                <!--<FrameSkin skinid="f15d4970-d66d-444e-bb2d-1ad102c87fed" frameid="f15d4973-d66d-444e-bb2d-1ad102c87fed" />-->
                <Size>
                    <AbsDimension x="22" y="22" />
                </Size>
                <Anchors>
                    <Anchor point="TOPLEFT">
                        <Offset>
                            <AbsDimension x="251" y="-299" />
                        </Offset>
                    </Anchor>
                </Anchors>
                <Scripts>
                    <OnClick>tB_Down();
</OnClick>
                </Scripts>
                <NormalTexture file="interface\chatframe\ui-chaticon-scrolldown-up">
                    <TexCoords left="0" right="0.9" top="0" bottom="0.85" />
                </NormalTexture>
                <PushedTexture file="interface\chatframe\ui-chaticon-scrolldown-down">
                    <TexCoords left="0" right="0.9" top="0" bottom="0.85" />
                </PushedTexture>
                <DisabledTexture file="Interface\Buttons\UI-Panel-Button-Disabled">
                    <TexCoords left="0" right="0.625" top="0" bottom="0.6875" />
                </DisabledTexture>
                <HighlightTexture file="interface\chatframe\ui-chaticon-blinkhilight" alphaMode="ADD">
                    <TexCoords left="0" right="0.9" top="0" bottom="0.85" />
                </HighlightTexture>
                <ButtonText name="$parentText">
                    <FontHeight>
                        <AbsValue val="10" />
                    </FontHeight>
                </ButtonText>
                <NormalFont inherits="GameFontNormal" font="Fonts\FRIZQT__.TTF">
                    <FontHeight>
                        <AbsValue val="12" />
                    </FontHeight>
                    <Color r="1" g="0.8196079" b="0" />
                    <Shadow>
                        <Color r="0" g="0" b="0" />
                        <Offset>
                            <AbsDimension x="1" y="-1" />
                        </Offset>
                    </Shadow>
                </NormalFont>
                <HighlightFont inherits="GameFontHighlight" font="Fonts\FRIZQT__.TTF">
                    <FontHeight>
                        <AbsValue val="12" />
                    </FontHeight>
                    <Color r="1" g="1" b="1" />
                    <Shadow>
                        <Color r="0" g="0" b="0" />
                        <Offset>
                            <AbsDimension x="1" y="-1" />
                        </Offset>
                    </Shadow>
                </HighlightFont>
                <DisabledFont inherits="GameFontDisable" font="Fonts\FRIZQT__.TTF">
                    <FontHeight>
                        <AbsValue val="12" />
                    </FontHeight>
                    <Color r="0.4901961" g="0.4901961" b="0.4901961" />
                    <Shadow>
                        <Color r="0" g="0" b="0" />
                        <Offset>
                            <AbsDimension x="1" y="-1" />
                        </Offset>
                    </Shadow>
                </DisabledFont>
                <PushedTextOffset x="0" y="0" />
            </Button>
            <Button name="BTNTB10" hidden="true" text="Ticket Pos 10">
                <!--<FrameSkin skinid="f15d4970-d66d-444e-bb2d-1ad102c87fed" frameid="f15d4973-d66d-444e-bb2d-1ad102c87fed" />-->
                <Size>
                    <AbsDimension x="203" y="22" />
                </Size>
                <Anchors>
                    <Anchor point="TOPLEFT">
                        <Offset>
                            <AbsDimension x="29" y="-299" />
                        </Offset>
                    </Anchor>
                </Anchors>
                <Scripts>
                    <OnClick>tB_ShowTicket(10);
</OnClick>
                </Scripts>
                <DisabledTexture file="Interface\Buttons\UI-Panel-Button-Disabled">
                    <TexCoords left="0" right="0.625" top="0" bottom="0.6875" />
                </DisabledTexture>
                <HighlightTexture file="interface\spellbook\ui-spellbookpanel-tab-highlight" alphaMode="ADD">
                    <TexCoords left="0" right="1" top="0.25" bottom="0.7" />
                </HighlightTexture>
                <ButtonText name="$parentText">
                    <FontHeight>
                        <AbsValue val="10" />
                    </FontHeight>
                </ButtonText>
                <NormalFont inherits="GameFontNormal" font="Fonts\FRIZQT__.TTF">
                    <FontHeight>
                        <AbsValue val="12" />
                    </FontHeight>
                    <Color r="1" g="0.8196079" b="0" />
                    <Shadow>
                        <Color r="0" g="0" b="0" />
                        <Offset>
                            <AbsDimension x="1" y="-1" />
                        </Offset>
                    </Shadow>
                </NormalFont>
                <HighlightFont inherits="GameFontHighlight" font="Fonts\FRIZQT__.TTF">
                    <FontHeight>
                        <AbsValue val="12" />
                    </FontHeight>
                    <Color r="1" g="1" b="1" />
                    <Shadow>
                        <Color r="0" g="0" b="0" />
                        <Offset>
                            <AbsDimension x="1" y="-1" />
                        </Offset>
                    </Shadow>
                </HighlightFont>
                <DisabledFont inherits="GameFontDisable" font="Fonts\FRIZQT__.TTF">
                    <FontHeight>
                        <AbsValue val="12" />
                    </FontHeight>
                    <Color r="0.4901961" g="0.4901961" b="0.4901961" />
                    <Shadow>
                        <Color r="0" g="0" b="0" />
                        <Offset>
                            <AbsDimension x="1" y="-1" />
                        </Offset>
                    </Shadow>
                </DisabledFont>
                <PushedTextOffset x="0" y="0" />
            </Button>
            <Button name="BTNTB9" hidden="true" text="Ticket Pos 9">
                <!--<FrameSkin skinid="f15d4970-d66d-444e-bb2d-1ad102c87fed" frameid="f15d4973-d66d-444e-bb2d-1ad102c87fed" />-->
                <Size>
                    <AbsDimension x="203" y="22" />
                </Size>
                <Anchors>
                    <Anchor point="TOPLEFT">
                        <Offset>
                            <AbsDimension x="29" y="-271" />
                        </Offset>
                    </Anchor>
                </Anchors>
                <Scripts>
                    <OnClick>tB_ShowTicket(9);
</OnClick>
                </Scripts>
                <DisabledTexture file="Interface\Buttons\UI-Panel-Button-Disabled">
                    <TexCoords left="0" right="0.625" top="0" bottom="0.6875" />
                </DisabledTexture>
                <HighlightTexture file="interface\spellbook\ui-spellbookpanel-tab-highlight" alphaMode="ADD">
                    <TexCoords left="0" right="1" top="0.25" bottom="0.7" />
                </HighlightTexture>
                <ButtonText name="$parentText">
                    <FontHeight>
                        <AbsValue val="10" />
                    </FontHeight>
                </ButtonText>
                <NormalFont inherits="GameFontNormal" font="Fonts\FRIZQT__.TTF">
                    <FontHeight>
                        <AbsValue val="12" />
                    </FontHeight>
                    <Color r="1" g="0.8196079" b="0" />
                    <Shadow>
                        <Color r="0" g="0" b="0" />
                        <Offset>
                            <AbsDimension x="1" y="-1" />
                        </Offset>
                    </Shadow>
                </NormalFont>
                <HighlightFont inherits="GameFontHighlight" font="Fonts\FRIZQT__.TTF">
                    <FontHeight>
                        <AbsValue val="12" />
                    </FontHeight>
                    <Color r="1" g="1" b="1" />
                    <Shadow>
                        <Color r="0" g="0" b="0" />
                        <Offset>
                            <AbsDimension x="1" y="-1" />
                        </Offset>
                    </Shadow>
                </HighlightFont>
                <DisabledFont inherits="GameFontDisable" font="Fonts\FRIZQT__.TTF">
                    <FontHeight>
                        <AbsValue val="12" />
                    </FontHeight>
                    <Color r="0.4901961" g="0.4901961" b="0.4901961" />
                    <Shadow>
                        <Color r="0" g="0" b="0" />
                        <Offset>
                            <AbsDimension x="1" y="-1" />
                        </Offset>
                    </Shadow>
                </DisabledFont>
                <PushedTextOffset x="0" y="0" />
            </Button>
            <Button name="BTNTB8" hidden="true" text="Ticket Pos 8">
                <!--<FrameSkin skinid="f15d4970-d66d-444e-bb2d-1ad102c87fed" frameid="f15d4973-d66d-444e-bb2d-1ad102c87fed" />-->
                <Size>
                    <AbsDimension x="203" y="22" />
                </Size>
                <Anchors>
                    <Anchor point="TOPLEFT">
                        <Offset>
                            <AbsDimension x="29" y="-243" />
                        </Offset>
                    </Anchor>
                </Anchors>
                <Scripts>
                    <OnClick>tB_ShowTicket(8);
</OnClick>
                </Scripts>
                <DisabledTexture file="Interface\Buttons\UI-Panel-Button-Disabled">
                    <TexCoords left="0" right="0.625" top="0" bottom="0.6875" />
                </DisabledTexture>
                <HighlightTexture file="interface\spellbook\ui-spellbookpanel-tab-highlight" alphaMode="ADD">
                    <TexCoords left="0" right="1" top="0.25" bottom="0.7" />
                </HighlightTexture>
                <ButtonText name="$parentText">
                    <FontHeight>
                        <AbsValue val="10" />
                    </FontHeight>
                </ButtonText>
                <NormalFont inherits="GameFontNormal" font="Fonts\FRIZQT__.TTF">
                    <FontHeight>
                        <AbsValue val="12" />
                    </FontHeight>
                    <Color r="1" g="0.8196079" b="0" />
                    <Shadow>
                        <Color r="0" g="0" b="0" />
                        <Offset>
                            <AbsDimension x="1" y="-1" />
                        </Offset>
                    </Shadow>
                </NormalFont>
                <HighlightFont inherits="GameFontHighlight" font="Fonts\FRIZQT__.TTF">
                    <FontHeight>
                        <AbsValue val="12" />
                    </FontHeight>
                    <Color r="1" g="1" b="1" />
                    <Shadow>
                        <Color r="0" g="0" b="0" />
                        <Offset>
                            <AbsDimension x="1" y="-1" />
                        </Offset>
                    </Shadow>
                </HighlightFont>
                <DisabledFont inherits="GameFontDisable" font="Fonts\FRIZQT__.TTF">
                    <FontHeight>
                        <AbsValue val="12" />
                    </FontHeight>
                    <Color r="0.4901961" g="0.4901961" b="0.4901961" />
                    <Shadow>
                        <Color r="0" g="0" b="0" />
                        <Offset>
                            <AbsDimension x="1" y="-1" />
                        </Offset>
                    </Shadow>
                </DisabledFont>
                <PushedTextOffset x="0" y="0" />
            </Button>
            <Button name="BTNTB7" hidden="true" text="Ticket Pos 7">
                <!--<FrameSkin skinid="f15d4970-d66d-444e-bb2d-1ad102c87fed" frameid="f15d4973-d66d-444e-bb2d-1ad102c87fed" />-->
                <Size>
                    <AbsDimension x="203" y="22" />
                </Size>
                <Anchors>
                    <Anchor point="TOPLEFT">
                        <Offset>
                            <AbsDimension x="29" y="-215" />
                        </Offset>
                    </Anchor>
                </Anchors>
                <Scripts>
                    <OnClick>tB_ShowTicket(7);
</OnClick>
                </Scripts>
                <DisabledTexture file="Interface\Buttons\UI-Panel-Button-Disabled">
                    <TexCoords left="0" right="0.625" top="0" bottom="0.6875" />
                </DisabledTexture>
                <HighlightTexture file="interface\spellbook\ui-spellbookpanel-tab-highlight" alphaMode="ADD">
                    <TexCoords left="0" right="1" top="0.25" bottom="0.7" />
                </HighlightTexture>
                <ButtonText name="$parentText">
                    <FontHeight>
                        <AbsValue val="10" />
                    </FontHeight>
                </ButtonText>
                <NormalFont inherits="GameFontNormal" font="Fonts\FRIZQT__.TTF">
                    <FontHeight>
                        <AbsValue val="12" />
                    </FontHeight>
                    <Color r="1" g="0.8196079" b="0" />
                    <Shadow>
                        <Color r="0" g="0" b="0" />
                        <Offset>
                            <AbsDimension x="1" y="-1" />
                        </Offset>
                    </Shadow>
                </NormalFont>
                <HighlightFont inherits="GameFontHighlight" font="Fonts\FRIZQT__.TTF">
                    <FontHeight>
                        <AbsValue val="12" />
                    </FontHeight>
                    <Color r="1" g="1" b="1" />
                    <Shadow>
                        <Color r="0" g="0" b="0" />
                        <Offset>
                            <AbsDimension x="1" y="-1" />
                        </Offset>
                    </Shadow>
                </HighlightFont>
                <DisabledFont inherits="GameFontDisable" font="Fonts\FRIZQT__.TTF">
                    <FontHeight>
                        <AbsValue val="12" />
                    </FontHeight>
                    <Color r="0.4901961" g="0.4901961" b="0.4901961" />
                    <Shadow>
                        <Color r="0" g="0" b="0" />
                        <Offset>
                            <AbsDimension x="1" y="-1" />
                        </Offset>
                    </Shadow>
                </DisabledFont>
                <PushedTextOffset x="0" y="0" />
            </Button>
            <Button name="BTNTB5" hidden="true" text="Ticket Pos 5">
                <!--<FrameSkin skinid="f15d4970-d66d-444e-bb2d-1ad102c87fed" frameid="f15d4973-d66d-444e-bb2d-1ad102c87fed" />-->
                <Size>
                    <AbsDimension x="203" y="22" />
                </Size>
                <Anchors>
                    <Anchor point="TOPLEFT">
                        <Offset>
                            <AbsDimension x="29" y="-159" />
                        </Offset>
                    </Anchor>
                </Anchors>
                <Scripts>
                    <OnClick>tB_ShowTicket(5);
</OnClick>
                </Scripts>
                <DisabledTexture file="Interface\Buttons\UI-Panel-Button-Disabled">
                    <TexCoords left="0" right="0.625" top="0" bottom="0.6875" />
                </DisabledTexture>
                <HighlightTexture file="interface\spellbook\ui-spellbookpanel-tab-highlight" alphaMode="ADD">
                    <TexCoords left="0" right="1" top="0.25" bottom="0.7" />
                </HighlightTexture>
                <ButtonText name="$parentText">
                    <FontHeight>
                        <AbsValue val="10" />
                    </FontHeight>
                </ButtonText>
                <NormalFont inherits="GameFontNormal" font="Fonts\FRIZQT__.TTF">
                    <FontHeight>
                        <AbsValue val="12" />
                    </FontHeight>
                    <Color r="1" g="0.8196079" b="0" />
                    <Shadow>
                        <Color r="0" g="0" b="0" />
                        <Offset>
                            <AbsDimension x="1" y="-1" />
                        </Offset>
                    </Shadow>
                </NormalFont>
                <HighlightFont inherits="GameFontHighlight" font="Fonts\FRIZQT__.TTF">
                    <FontHeight>
                        <AbsValue val="12" />
                    </FontHeight>
                    <Color r="1" g="1" b="1" />
                    <Shadow>
                        <Color r="0" g="0" b="0" />
                        <Offset>
                            <AbsDimension x="1" y="-1" />
                        </Offset>
                    </Shadow>
                </HighlightFont>
                <DisabledFont inherits="GameFontDisable" font="Fonts\FRIZQT__.TTF">
                    <FontHeight>
                        <AbsValue val="12" />
                    </FontHeight>
                    <Color r="0.4901961" g="0.4901961" b="0.4901961" />
                    <Shadow>
                        <Color r="0" g="0" b="0" />
                        <Offset>
                            <AbsDimension x="1" y="-1" />
                        </Offset>
                    </Shadow>
                </DisabledFont>
                <PushedTextOffset x="0" y="0" />
            </Button>
            <Button name="BTNTB6" hidden="true" text="Ticket Pos 6">
                <!--<FrameSkin skinid="f15d4970-d66d-444e-bb2d-1ad102c87fed" frameid="f15d4973-d66d-444e-bb2d-1ad102c87fed" />-->
                <Size>
                    <AbsDimension x="203" y="22" />
                </Size>
                <Anchors>
                    <Anchor point="TOPLEFT">
                        <Offset>
                            <AbsDimension x="29" y="-187" />
                        </Offset>
                    </Anchor>
                </Anchors>
                <Scripts>
                    <OnClick>tB_ShowTicket(6);
</OnClick>
                </Scripts>
                <DisabledTexture file="Interface\Buttons\UI-Panel-Button-Disabled">
                    <TexCoords left="0" right="0.625" top="0" bottom="0.6875" />
                </DisabledTexture>
                <HighlightTexture file="interface\spellbook\ui-spellbookpanel-tab-highlight" alphaMode="ADD">
                    <TexCoords left="0" right="1" top="0.25" bottom="0.7" />
                </HighlightTexture>
                <ButtonText name="$parentText">
                    <FontHeight>
                        <AbsValue val="10" />
                    </FontHeight>
                </ButtonText>
                <NormalFont inherits="GameFontNormal" font="Fonts\FRIZQT__.TTF">
                    <FontHeight>
                        <AbsValue val="12" />
                    </FontHeight>
                    <Color r="1" g="0.8196079" b="0" />
                    <Shadow>
                        <Color r="0" g="0" b="0" />
                        <Offset>
                            <AbsDimension x="1" y="-1" />
                        </Offset>
                    </Shadow>
                </NormalFont>
                <HighlightFont inherits="GameFontHighlight" font="Fonts\FRIZQT__.TTF">
                    <FontHeight>
                        <AbsValue val="12" />
                    </FontHeight>
                    <Color r="1" g="1" b="1" />
                    <Shadow>
                        <Color r="0" g="0" b="0" />
                        <Offset>
                            <AbsDimension x="1" y="-1" />
                        </Offset>
                    </Shadow>
                </HighlightFont>
                <DisabledFont inherits="GameFontDisable" font="Fonts\FRIZQT__.TTF">
                    <FontHeight>
                        <AbsValue val="12" />
                    </FontHeight>
                    <Color r="0.4901961" g="0.4901961" b="0.4901961" />
                    <Shadow>
                        <Color r="0" g="0" b="0" />
                        <Offset>
                            <AbsDimension x="1" y="-1" />
                        </Offset>
                    </Shadow>
                </DisabledFont>
                <PushedTextOffset x="0" y="0" />
            </Button>
            <Button name="BTNTB4" hidden="true" text="Ticket Pos 4">
                <!--<FrameSkin skinid="f15d4970-d66d-444e-bb2d-1ad102c87fed" frameid="f15d4973-d66d-444e-bb2d-1ad102c87fed" />-->
                <Size>
                    <AbsDimension x="203" y="22" />
                </Size>
                <Anchors>
                    <Anchor point="TOPLEFT">
                        <Offset>
                            <AbsDimension x="29" y="-131" />
                        </Offset>
                    </Anchor>
                </Anchors>
                <Scripts>
                    <OnClick>tB_ShowTicket(4);
</OnClick>
                </Scripts>
                <DisabledTexture file="Interface\Buttons\UI-Panel-Button-Disabled">
                    <TexCoords left="0" right="0.625" top="0" bottom="0.6875" />
                </DisabledTexture>
                <HighlightTexture file="interface\spellbook\ui-spellbookpanel-tab-highlight" alphaMode="ADD">
                    <TexCoords left="0" right="1" top="0.25" bottom="0.7" />
                </HighlightTexture>
                <ButtonText name="$parentText">
                    <FontHeight>
                        <AbsValue val="10" />
                    </FontHeight>
                </ButtonText>
                <NormalFont inherits="GameFontNormal" font="Fonts\FRIZQT__.TTF">
                    <FontHeight>
                        <AbsValue val="12" />
                    </FontHeight>
                    <Color r="1" g="0.8196079" b="0" />
                    <Shadow>
                        <Color r="0" g="0" b="0" />
                        <Offset>
                            <AbsDimension x="1" y="-1" />
                        </Offset>
                    </Shadow>
                </NormalFont>
                <HighlightFont inherits="GameFontHighlight" font="Fonts\FRIZQT__.TTF">
                    <FontHeight>
                        <AbsValue val="12" />
                    </FontHeight>
                    <Color r="1" g="1" b="1" />
                    <Shadow>
                        <Color r="0" g="0" b="0" />
                        <Offset>
                            <AbsDimension x="1" y="-1" />
                        </Offset>
                    </Shadow>
                </HighlightFont>
                <DisabledFont inherits="GameFontDisable" font="Fonts\FRIZQT__.TTF">
                    <FontHeight>
                        <AbsValue val="12" />
                    </FontHeight>
                    <Color r="0.4901961" g="0.4901961" b="0.4901961" />
                    <Shadow>
                        <Color r="0" g="0" b="0" />
                        <Offset>
                            <AbsDimension x="1" y="-1" />
                        </Offset>
                    </Shadow>
                </DisabledFont>
                <PushedTextOffset x="0" y="0" />
            </Button>
            <Button name="BTNTB3" hidden="true" text="Ticket Pos 3">
                <!--<FrameSkin skinid="f15d4970-d66d-444e-bb2d-1ad102c87fed" frameid="f15d4973-d66d-444e-bb2d-1ad102c87fed" />-->
                <Size>
                    <AbsDimension x="203" y="22" />
                </Size>
                <Anchors>
                    <Anchor point="TOPLEFT">
                        <Offset>
                            <AbsDimension x="29" y="-103" />
                        </Offset>
                    </Anchor>
                </Anchors>
                <Scripts>
                    <OnClick>tB_ShowTicket(3);
</OnClick>
                </Scripts>
                <DisabledTexture file="Interface\Buttons\UI-Panel-Button-Disabled">
                    <TexCoords left="0" right="0.625" top="0" bottom="0.6875" />
                </DisabledTexture>
                <HighlightTexture file="interface\spellbook\ui-spellbookpanel-tab-highlight" alphaMode="ADD">
                    <TexCoords left="0" right="1" top="0.25" bottom="0.7" />
                </HighlightTexture>
                <ButtonText name="$parentText">
                    <FontHeight>
                        <AbsValue val="10" />
                    </FontHeight>
                </ButtonText>
                <NormalFont inherits="GameFontNormal" font="Fonts\FRIZQT__.TTF">
                    <FontHeight>
                        <AbsValue val="12" />
                    </FontHeight>
                    <Color r="1" g="0.8196079" b="0" />
                    <Shadow>
                        <Color r="0" g="0" b="0" />
                        <Offset>
                            <AbsDimension x="1" y="-1" />
                        </Offset>
                    </Shadow>
                </NormalFont>
                <HighlightFont inherits="GameFontHighlight" font="Fonts\FRIZQT__.TTF">
                    <FontHeight>
                        <AbsValue val="12" />
                    </FontHeight>
                    <Color r="1" g="1" b="1" />
                    <Shadow>
                        <Color r="0" g="0" b="0" />
                        <Offset>
                            <AbsDimension x="1" y="-1" />
                        </Offset>
                    </Shadow>
                </HighlightFont>
                <DisabledFont inherits="GameFontDisable" font="Fonts\FRIZQT__.TTF">
                    <FontHeight>
                        <AbsValue val="12" />
                    </FontHeight>
                    <Color r="0.4901961" g="0.4901961" b="0.4901961" />
                    <Shadow>
                        <Color r="0" g="0" b="0" />
                        <Offset>
                            <AbsDimension x="1" y="-1" />
                        </Offset>
                    </Shadow>
                </DisabledFont>
                <PushedTextOffset x="0" y="0" />
            </Button>
            <Button name="BTNTB2" hidden="true" text="Ticket Pos 2">
                <!--<FrameSkin skinid="f15d4970-d66d-444e-bb2d-1ad102c87fed" frameid="f15d4973-d66d-444e-bb2d-1ad102c87fed" />-->
                <Size>
                    <AbsDimension x="203" y="22" />
                </Size>
                <Anchors>
                    <Anchor point="TOPLEFT">
                        <Offset>
                            <AbsDimension x="29" y="-75" />
                        </Offset>
                    </Anchor>
                </Anchors>
                <Scripts>
                    <OnClick>tB_ShowTicket(2);
</OnClick>
                </Scripts>
                <DisabledTexture file="Interface\Buttons\UI-Panel-Button-Disabled">
                    <TexCoords left="0" right="0.625" top="0" bottom="0.6875" />
                </DisabledTexture>
                <HighlightTexture file="interface\spellbook\ui-spellbookpanel-tab-highlight" alphaMode="ADD">
                    <TexCoords left="0" right="1" top="0.25" bottom="0.7" />
                </HighlightTexture>
                <ButtonText name="$parentText">
                    <FontHeight>
                        <AbsValue val="10" />
                    </FontHeight>
                </ButtonText>
                <NormalFont inherits="GameFontNormal" font="Fonts\FRIZQT__.TTF">
                    <FontHeight>
                        <AbsValue val="12" />
                    </FontHeight>
                    <Color r="1" g="0.8196079" b="0" />
                    <Shadow>
                        <Color r="0" g="0" b="0" />
                        <Offset>
                            <AbsDimension x="1" y="-1" />
                        </Offset>
                    </Shadow>
                </NormalFont>
                <HighlightFont inherits="GameFontHighlight" font="Fonts\FRIZQT__.TTF">
                    <FontHeight>
                        <AbsValue val="12" />
                    </FontHeight>
                    <Color r="1" g="1" b="1" />
                    <Shadow>
                        <Color r="0" g="0" b="0" />
                        <Offset>
                            <AbsDimension x="1" y="-1" />
                        </Offset>
                    </Shadow>
                </HighlightFont>
                <DisabledFont inherits="GameFontDisable" font="Fonts\FRIZQT__.TTF">
                    <FontHeight>
                        <AbsValue val="12" />
                    </FontHeight>
                    <Color r="0.4901961" g="0.4901961" b="0.4901961" />
                    <Shadow>
                        <Color r="0" g="0" b="0" />
                        <Offset>
                            <AbsDimension x="1" y="-1" />
                        </Offset>
                    </Shadow>
                </DisabledFont>
                <PushedTextOffset x="0" y="0" />
            </Button>
            <Button name="$parentButton11" text="Close">
                <!--<FrameSkin skinid="dcb143e1-a4ab-4e7c-b934-1efa40101d21" frameid="2d508884-59c2-4f83-ae10-27aaad48391b" />-->
                <Size>
                    <AbsDimension x="100" y="22" />
                </Size>
                <Anchors>
                    <Anchor point="TOPLEFT">
                        <Offset>
                            <AbsDimension x="160" y="-327" />
                        </Offset>
                    </Anchor>
                </Anchors>
                <Scripts>
                    <OnClick>TicketShowForm:Hide();
FullForm:Show();
</OnClick>
                </Scripts>
                <NormalTexture file="Interface\Buttons\UI-Panel-Button-Up">
                    <TexCoords left="0" right="0.625" top="0" bottom="0.6875" />
                </NormalTexture>
                <PushedTexture file="Interface\Buttons\UI-Panel-Button-Down">
                    <TexCoords left="0" right="0.625" top="0" bottom="0.6875" />
                </PushedTexture>
                <DisabledTexture file="Interface\Buttons\UI-Panel-Button-Disabled">
                    <TexCoords left="0" right="0.625" top="0" bottom="0.6875" />
                </DisabledTexture>
                <HighlightTexture file="Interface\Buttons\UI-Panel-Button-Highlight" alphaMode="ADD">
                    <TexCoords left="0" right="0.625" top="0" bottom="0.6875" />
                </HighlightTexture>
                <ButtonText name="$parentText">
                    <FontHeight>
                        <AbsValue val="10" />
                    </FontHeight>
                </ButtonText>
                <NormalFont inherits="GameFontNormal" font="Fonts\FRIZQT__.TTF">
                    <FontHeight>
                        <AbsValue val="12" />
                    </FontHeight>
                    <Color r="1" g="0.8196079" b="0" />
                    <Shadow>
                        <Color r="0" g="0" b="0" />
                        <Offset>
                            <AbsDimension x="1" y="-1" />
                        </Offset>
                    </Shadow>
                </NormalFont>
                <HighlightFont inherits="GameFontHighlight" font="Fonts\FRIZQT__.TTF">
                    <FontHeight>
                        <AbsValue val="12" />
                    </FontHeight>
                    <Color r="1" g="1" b="1" />
                    <Shadow>
                        <Color r="0" g="0" b="0" />
                        <Offset>
                            <AbsDimension x="1" y="-1" />
                        </Offset>
                    </Shadow>
                </HighlightFont>
                <DisabledFont inherits="GameFontDisable" font="Fonts\FRIZQT__.TTF">
                    <FontHeight>
                        <AbsValue val="12" />
                    </FontHeight>
                    <Color r="0.4980392" g="0.4980392" b="0.4980392" />
                    <Shadow>
                        <Color r="0" g="0" b="0" />
                        <Offset>
                            <AbsDimension x="1" y="-1" />
                        </Offset>
                    </Shadow>
                </DisabledFont>
            </Button>
        </Frames>
        <Scripts>
            <OnLoad>GMHelper_Loaded()</OnLoad>
            <OnShow>tB_Reset();
</OnShow>
        </Scripts>
    </Frame>
</Ui>