<Ui xmlns="http://www.blizzard.com/wow/ui" xmlns:xsi="http://www.w3.org/2001/XMLSchema-instance">
    <!--Autogenerated by wowuides, Version=1.0.300.0, Culture=neutral, PublicKeyToken=null-->
    <Frame name="WaypointsForm" hidden="true" parent="UIParent" movable="true" resizable="true" enableMouse="true">
        <!--<FrameSkin skinid="dcb143e1-a4ab-4e7c-b934-1efa40101d21" frameid="2d508883-59c2-4f83-ae10-27aaad48391b" />-->
        <Size>
            <AbsDimension x="154" y="208" />
        </Size>
        <Anchors>
            <Anchor point="RIGHT" relativeTo="UIParent">
                <Offset>
                    <AbsDimension x="0" y="0" />
                </Offset>
            </Anchor>
        </Anchors>
        <Backdrop bgFile="Interface\DialogFrame\UI-DialogBox-Background" edgeFile="Interface\DialogFrame\UI-DialogBox-Border" tile="true">
            <BackgroundInsets>
                <AbsInset left="11" right="12" top="12" bottom="11" />
            </BackgroundInsets>
            <TileSize>
                <AbsValue val="32" />
            </TileSize>
            <EdgeSize>
                <AbsValue val="32" />
            </EdgeSize>
        </Backdrop>
        <Layers>
            <Layer>
                <Texture name="$parentTitleBorder" file="Interface\DialogFrame\UI-DialogBox-Header">
                    <Size>
                        <AbsDimension x="160" y="32" />
                    </Size>
                    <Anchors>
                        <Anchor point="TOP">
                            <Offset>
                                <AbsDimension x="0" y="5" />
                            </Offset>
                        </Anchor>
                    </Anchors>
                    <TexCoords left="0.2" right="0.8" top="0" bottom="0.6" />
                </Texture>
                <FontString name="$parentTitleString" font="Fonts\FRIZQT__.TTF" text="Waypoints">
                    <Size>
                        <AbsDimension x="140" y="0" />
                    </Size>
                    <Anchors>
                        <Anchor point="TOP">
                            <Offset>
                                <AbsDimension x="0" y="-4" />
                            </Offset>
                        </Anchor>
                    </Anchors>
                    <FontHeight>
                        <AbsValue val="12" />
                    </FontHeight>
                    <Color r="1" g="0.8196079" b="0" />
                    <Shadow>
                        <Color r="0" g="0" b="0" />
                        <Offset>
                            <AbsDimension x="1" y="-1" />
                        </Offset>
                    </Shadow>
                </FontString>
            </Layer>
        </Layers>
        <Frames>
            <Button name="$parentButton4" text="Hide Waypoints">
                <!--<FrameSkin skinid="dcb143e1-a4ab-4e7c-b934-1efa40101d21" frameid="2d508884-59c2-4f83-ae10-27aaad48391b" />-->
                <Size>
                    <AbsDimension x="119" y="30" />
                </Size>
                <Anchors>
                    <Anchor point="TOPLEFT">
                        <Offset>
                            <AbsDimension x="17" y="-137" />
                        </Offset>
                    </Anchor>
                </Anchors>
                <Scripts>
                    <OnClick>WaypointsHide()
</OnClick>
                </Scripts>
                <NormalTexture file="Interface\Buttons\UI-Panel-Button-Up">
                    <TexCoords left="0" right="0.625" top="0" bottom="0.6875" />
                </NormalTexture>
                <PushedTexture file="Interface\Buttons\UI-Panel-Button-Down">
                    <TexCoords left="0" right="0.625" top="0" bottom="0.6875" />
                </PushedTexture>
                <DisabledTexture file="Interface\Buttons\UI-Panel-Button-Disabled">
                    <TexCoords left="0" right="0.625" top="0" bottom="0.6875" />
                </DisabledTexture>
                <HighlightTexture file="Interface\Buttons\UI-Panel-Button-Highlight" alphaMode="ADD">
                    <TexCoords left="0" right="0.625" top="0" bottom="0.6875" />
                </HighlightTexture>
                <ButtonText name="$parentText">
                    <FontHeight>
                        <AbsValue val="10" />
                    </FontHeight>
                </ButtonText>
                <NormalFont inherits="GameFontNormal" font="Fonts\FRIZQT__.TTF">
                    <FontHeight>
                        <AbsValue val="12" />
                    </FontHeight>
                    <Color r="1" g="0.8196079" b="0" />
                    <Shadow>
                        <Color r="0" g="0" b="0" />
                        <Offset>
                            <AbsDimension x="1" y="-1" />
                        </Offset>
                    </Shadow>
                </NormalFont>
                <HighlightFont inherits="GameFontHighlight" font="Fonts\FRIZQT__.TTF">
                    <FontHeight>
                        <AbsValue val="12" />
                    </FontHeight>
                    <Color r="1" g="1" b="1" />
                    <Shadow>
                        <Color r="0" g="0" b="0" />
                        <Offset>
                            <AbsDimension x="1" y="-1" />
                        </Offset>
                    </Shadow>
                </HighlightFont>
                <DisabledFont inherits="GameFontDisable" font="Fonts\FRIZQT__.TTF">
                    <FontHeight>
                        <AbsValue val="12" />
                    </FontHeight>
                    <Color r="0.4980392" g="0.4980392" b="0.4980392" />
                    <Shadow>
                        <Color r="0" g="0" b="0" />
                        <Offset>
                            <AbsDimension x="1" y="-1" />
                        </Offset>
                    </Shadow>
                </DisabledFont>
            </Button>
            <Button name="$parentButton2" text="Add Waypoint">
                <!--<FrameSkin skinid="dcb143e1-a4ab-4e7c-b934-1efa40101d21" frameid="2d508884-59c2-4f83-ae10-27aaad48391b" />-->
                <Size>
                    <AbsDimension x="119" y="30" />
                </Size>
                <Anchors>
                    <Anchor point="TOPLEFT">
                        <Offset>
                            <AbsDimension x="17" y="-29" />
                        </Offset>
                    </Anchor>
                </Anchors>
                <Scripts>
                    <OnClick>WaypointsAdd()
</OnClick>
                </Scripts>
                <NormalTexture file="Interface\Buttons\UI-Panel-Button-Up">
                    <TexCoords left="0" right="0.625" top="0" bottom="0.6875" />
                </NormalTexture>
                <PushedTexture file="Interface\Buttons\UI-Panel-Button-Down">
                    <TexCoords left="0" right="0.625" top="0" bottom="0.6875" />
                </PushedTexture>
                <DisabledTexture file="Interface\Buttons\UI-Panel-Button-Disabled">
                    <TexCoords left="0" right="0.625" top="0" bottom="0.6875" />
                </DisabledTexture>
                <HighlightTexture file="Interface\Buttons\UI-Panel-Button-Highlight" alphaMode="ADD">
                    <TexCoords left="0" right="0.625" top="0" bottom="0.6875" />
                </HighlightTexture>
                <ButtonText name="$parentText">
                    <FontHeight>
                        <AbsValue val="10" />
                    </FontHeight>
                </ButtonText>
                <NormalFont inherits="GameFontNormal" font="Fonts\FRIZQT__.TTF">
                    <FontHeight>
                        <AbsValue val="12" />
                    </FontHeight>
                    <Color r="1" g="0.8196079" b="0" />
                    <Shadow>
                        <Color r="0" g="0" b="0" />
                        <Offset>
                            <AbsDimension x="1" y="-1" />
                        </Offset>
                    </Shadow>
                </NormalFont>
                <HighlightFont inherits="GameFontHighlight" font="Fonts\FRIZQT__.TTF">
                    <FontHeight>
                        <AbsValue val="12" />
                    </FontHeight>
                    <Color r="1" g="1" b="1" />
                    <Shadow>
                        <Color r="0" g="0" b="0" />
                        <Offset>
                            <AbsDimension x="1" y="-1" />
                        </Offset>
                    </Shadow>
                </HighlightFont>
                <DisabledFont inherits="GameFontDisable" font="Fonts\FRIZQT__.TTF">
                    <FontHeight>
                        <AbsValue val="12" />
                    </FontHeight>
                    <Color r="0.4980392" g="0.4980392" b="0.4980392" />
                    <Shadow>
                        <Color r="0" g="0" b="0" />
                        <Offset>
                            <AbsDimension x="1" y="-1" />
                        </Offset>
                    </Shadow>
                </DisabledFont>
            </Button>
            <Button name="$parentButton1" text="Show Waypoints">
                <!--<FrameSkin skinid="dcb143e1-a4ab-4e7c-b934-1efa40101d21" frameid="2d508884-59c2-4f83-ae10-27aaad48391b" />-->
                <Size>
                    <AbsDimension x="119" y="30" />
                </Size>
                <Anchors>
                    <Anchor point="TOPLEFT">
                        <Offset>
                            <AbsDimension x="17" y="-101" />
                        </Offset>
                    </Anchor>
                </Anchors>
                <Scripts>
                    <OnClick>WaypointsShow()
</OnClick>
                </Scripts>
                <NormalTexture file="Interface\Buttons\UI-Panel-Button-Up">
                    <TexCoords left="0" right="0.625" top="0" bottom="0.6875" />
                </NormalTexture>
                <PushedTexture file="Interface\Buttons\UI-Panel-Button-Down">
                    <TexCoords left="0" right="0.625" top="0" bottom="0.6875" />
                </PushedTexture>
                <DisabledTexture file="Interface\Buttons\UI-Panel-Button-Disabled">
                    <TexCoords left="0" right="0.625" top="0" bottom="0.6875" />
                </DisabledTexture>
                <HighlightTexture file="Interface\Buttons\UI-Panel-Button-Highlight" alphaMode="ADD">
                    <TexCoords left="0" right="0.625" top="0" bottom="0.6875" />
                </HighlightTexture>
                <ButtonText name="$parentText">
                    <FontHeight>
                        <AbsValue val="10" />
                    </FontHeight>
                </ButtonText>
                <NormalFont inherits="GameFontNormal" font="Fonts\FRIZQT__.TTF">
                    <FontHeight>
                        <AbsValue val="12" />
                    </FontHeight>
                    <Color r="1" g="0.8196079" b="0" />
                    <Shadow>
                        <Color r="0" g="0" b="0" />
                        <Offset>
                            <AbsDimension x="1" y="-1" />
                        </Offset>
                    </Shadow>
                </NormalFont>
                <HighlightFont inherits="GameFontHighlight" font="Fonts\FRIZQT__.TTF">
                    <FontHeight>
                        <AbsValue val="12" />
                    </FontHeight>
                    <Color r="1" g="1" b="1" />
                    <Shadow>
                        <Color r="0" g="0" b="0" />
                        <Offset>
                            <AbsDimension x="1" y="-1" />
                        </Offset>
                    </Shadow>
                </HighlightFont>
                <DisabledFont inherits="GameFontDisable" font="Fonts\FRIZQT__.TTF">
                    <FontHeight>
                        <AbsValue val="12" />
                    </FontHeight>
                    <Color r="0.4980392" g="0.4980392" b="0.4980392" />
                    <Shadow>
                        <Color r="0" g="0" b="0" />
                        <Offset>
                            <AbsDimension x="1" y="-1" />
                        </Offset>
                    </Shadow>
                </DisabledFont>
            </Button>
            <Button name="$parentButton3" text="Delete Waypoint">
                <!--<FrameSkin skinid="dcb143e1-a4ab-4e7c-b934-1efa40101d21" frameid="2d508884-59c2-4f83-ae10-27aaad48391b" />-->
                <Size>
                    <AbsDimension x="119" y="30" />
                </Size>
                <Anchors>
                    <Anchor point="TOPLEFT">
                        <Offset>
                            <AbsDimension x="17" y="-65" />
                        </Offset>
                    </Anchor>
                </Anchors>
                <Scripts>
                    <OnClick>WaypointsDel()
</OnClick>
                </Scripts>
                <NormalTexture file="Interface\Buttons\UI-Panel-Button-Up">
                    <TexCoords left="0" right="0.625" top="0" bottom="0.6875" />
                </NormalTexture>
                <PushedTexture file="Interface\Buttons\UI-Panel-Button-Down">
                    <TexCoords left="0" right="0.625" top="0" bottom="0.6875" />
                </PushedTexture>
                <DisabledTexture file="Interface\Buttons\UI-Panel-Button-Disabled">
                    <TexCoords left="0" right="0.625" top="0" bottom="0.6875" />
                </DisabledTexture>
                <HighlightTexture file="Interface\Buttons\UI-Panel-Button-Highlight" alphaMode="ADD">
                    <TexCoords left="0" right="0.625" top="0" bottom="0.6875" />
                </HighlightTexture>
                <ButtonText name="$parentText">
                    <FontHeight>
                        <AbsValue val="10" />
                    </FontHeight>
                </ButtonText>
                <NormalFont inherits="GameFontNormal" font="Fonts\FRIZQT__.TTF">
                    <FontHeight>
                        <AbsValue val="12" />
                    </FontHeight>
                    <Color r="1" g="0.8196079" b="0" />
                    <Shadow>
                        <Color r="0" g="0" b="0" />
                        <Offset>
                            <AbsDimension x="1" y="-1" />
                        </Offset>
                    </Shadow>
                </NormalFont>
                <HighlightFont inherits="GameFontHighlight" font="Fonts\FRIZQT__.TTF">
                    <FontHeight>
                        <AbsValue val="12" />
                    </FontHeight>
                    <Color r="1" g="1" b="1" />
                    <Shadow>
                        <Color r="0" g="0" b="0" />
                        <Offset>
                            <AbsDimension x="1" y="-1" />
                        </Offset>
                    </Shadow>
                </HighlightFont>
                <DisabledFont inherits="GameFontDisable" font="Fonts\FRIZQT__.TTF">
                    <FontHeight>
                        <AbsValue val="12" />
                    </FontHeight>
                    <Color r="0.4980392" g="0.4980392" b="0.4980392" />
                    <Shadow>
                        <Color r="0" g="0" b="0" />
                        <Offset>
                            <AbsDimension x="1" y="-1" />
                        </Offset>
                    </Shadow>
                </DisabledFont>
            </Button>
            <Button name="$parentComponent1" text="Done">
                <!--<FrameSkin skinid="dcb143e1-a4ab-4e7c-b934-1efa40101d21" frameid="2d508884-59c2-4f83-ae10-27aaad48391b" />-->
                <Size>
                    <AbsDimension x="119" y="19" />
                </Size>
                <Anchors>
                    <Anchor point="TOPLEFT">
                        <Offset>
                            <AbsDimension x="17" y="-173" />
                        </Offset>
                    </Anchor>
                </Anchors>
                <Scripts>
                    <OnClick>WaypointsForm:Hide();
OpenMain();
</OnClick>
                </Scripts>
                <NormalTexture file="Interface\Buttons\UI-Panel-Button-Up">
                    <TexCoords left="0" right="0.625" top="0" bottom="0.6875" />
                </NormalTexture>
                <PushedTexture file="Interface\Buttons\UI-Panel-Button-Down">
                    <TexCoords left="0" right="0.625" top="0" bottom="0.6875" />
                </PushedTexture>
                <DisabledTexture file="Interface\Buttons\UI-Panel-Button-Disabled">
                    <TexCoords left="0" right="0.625" top="0" bottom="0.6875" />
                </DisabledTexture>
                <HighlightTexture file="Interface\Buttons\UI-Panel-Button-Highlight" alphaMode="ADD">
                    <TexCoords left="0" right="0.625" top="0" bottom="0.6875" />
                </HighlightTexture>
                <ButtonText name="$parentText">
                    <FontHeight>
                        <AbsValue val="10" />
                    </FontHeight>
                </ButtonText>
                <NormalFont inherits="GameFontNormal" font="Fonts\FRIZQT__.TTF">
                    <FontHeight>
                        <AbsValue val="12" />
                    </FontHeight>
                    <Color r="1" g="0.8196079" b="0" />
                    <Shadow>
                        <Color r="0" g="0" b="0" />
                        <Offset>
                            <AbsDimension x="1" y="-1" />
                        </Offset>
                    </Shadow>
                </NormalFont>
                <HighlightFont inherits="GameFontHighlight" font="Fonts\FRIZQT__.TTF">
                    <FontHeight>
                        <AbsValue val="12" />
                    </FontHeight>
                    <Color r="1" g="1" b="1" />
                    <Shadow>
                        <Color r="0" g="0" b="0" />
                        <Offset>
                            <AbsDimension x="1" y="-1" />
                        </Offset>
                    </Shadow>
                </HighlightFont>
                <DisabledFont inherits="GameFontDisable" font="Fonts\FRIZQT__.TTF">
                    <FontHeight>
                        <AbsValue val="12" />
                    </FontHeight>
                    <Color r="0.4980392" g="0.4980392" b="0.4980392" />
                    <Shadow>
                        <Color r="0" g="0" b="0" />
                        <Offset>
                            <AbsDimension x="1" y="-1" />
                        </Offset>
                    </Shadow>
                </DisabledFont>
            </Button>
        </Frames>
        <Scripts>
            <OnLoad>GMHelperOnLoad()
</OnLoad>
            <OnDragStart>this:StartMoving()
</OnDragStart>
            <OnDragStop>this:StopMovingOrSizing()
</OnDragStop>
        </Scripts>
    </Frame>
</Ui>